type,neurons,density,hits,building_time,search_time
s,576,16991.0,1,485134,19
p0,576,16991.0,1,4419795,46
p1,576,16991.0,-1,NaN,NaN
p2,576,16991.0,1,4539693,45
p3,576,16991.0,1,4349577,35
s,576,16991.0,1,483436,19
p0,576,16991.0,1,4393537,40
p1,576,16991.0,-1,NaN,NaN
p2,576,16991.0,1,4868160,38
p3,576,16991.0,1,4732807,36
s,576,16991.0,1,482807,19
p0,576,16991.0,1,4506542,33
p1,576,16991.0,-1,NaN,NaN
p2,576,16991.0,1,4347803,37
p3,576,16991.0,1,4591944,25
s,576,16991.0,1,483452,19
p0,576,16991.0,1,4714436,33
p1,576,16991.0,-1,NaN,NaN
p2,576,16991.0,1,4926720,39
p3,576,16991.0,1,4291624,40
s,576,16991.0,1,485923,19
p0,576,16991.0,1,4553936,36
p1,576,16991.0,-1,NaN,NaN
p2,576,16991.0,1,4891793,30
p3,576,16991.0,1,4601128,51
s,1000,16991.0,1,873963,16
p0,1000,16991.0,1,7878059,26
p1,1000,16991.0,-1,NaN,NaN
p2,1000,16991.0,1,8609048,30
p3,1000,16991.0,1,7897501,41
s,1000,16991.0,1,870374,15
p0,1000,16991.0,1,7199944,34
p1,1000,16991.0,-1,NaN,NaN
p2,1000,16991.0,1,8529191,45
p3,1000,16991.0,1,7517289,44
s,1000,16991.0,1,871976,15
p0,1000,16991.0,1,7589127,38
p1,1000,16991.0,-1,NaN,NaN
p2,1000,16991.0,1,8669834,41
p3,1000,16991.0,1,7797480,38
s,1000,16991.0,1,873861,16
p0,1000,16991.0,1,7426173,35
p1,1000,16991.0,-1,NaN,NaN
p2,1000,16991.0,1,8670913,23
p3,1000,16991.0,1,8335308,35
s,1000,16991.0,1,873264,16
p0,1000,16991.0,1,7421681,41
p1,1000,16991.0,-1,NaN,NaN
p2,1000,16991.0,1,8482090,38
p3,1000,16991.0,1,8285524,36
s,1452,16991.0,0,1313161,8
p0,1452,16991.0,0,10778097,45
p1,1452,16991.0,-1,NaN,NaN
p2,1452,16991.0,0,12364254,77
p3,1452,16991.0,0,11924530,30
s,1452,16991.0,0,1308209,8
p0,1452,16991.0,0,10519017,40
p1,1452,16991.0,-1,NaN,NaN
p2,1452,16991.0,0,12350211,89
p3,1452,16991.0,0,11921592,38
s,1452,16991.0,0,1308351,8
p0,1452,16991.0,0,10306700,28
p1,1452,16991.0,-1,NaN,NaN
p2,1452,16991.0,0,12329576,82
p3,1452,16991.0,0,11856403,32
s,1452,16991.0,0,1310789,8
p0,1452,16991.0,0,10392644,38
p1,1452,16991.0,-1,NaN,NaN
p2,1452,16991.0,0,12275987,81
p3,1452,16991.0,0,12106369,41
s,1452,16991.0,0,1309115,8
p0,1452,16991.0,0,10768249,38
p1,1452,16991.0,-1,NaN,NaN
p2,1452,16991.0,0,12350116,83
p3,1452,16991.0,0,11961462,33
s,1872,16991.0,2,1783410,23
p0,1872,16991.0,2,14829011,41
p1,1872,16991.0,-1,NaN,NaN
p2,1872,16991.0,2,13923244,48
p3,1872,16991.0,2,14643242,42
s,1872,16991.0,2,1778946,22
p0,1872,16991.0,2,14035473,44
p1,1872,16991.0,-1,NaN,NaN
p2,1872,16991.0,2,14990490,54
p3,1872,16991.0,2,14776873,42
s,1872,16991.0,2,1778925,23
p0,1872,16991.0,2,14562303,41
p1,1872,16991.0,-1,NaN,NaN
p2,1872,16991.0,2,14185109,54
p3,1872,16991.0,2,14749405,53
s,1872,16991.0,2,1779426,23
p0,1872,16991.0,2,13947477,34
p1,1872,16991.0,-1,NaN,NaN
p2,1872,16991.0,2,14752607,54
p3,1872,16991.0,2,14695000,36
s,1872,16991.0,2,1788733,23
p0,1872,16991.0,2,14225034,46
p1,1872,16991.0,-1,NaN,NaN
p2,1872,16991.0,2,15261396,45
p3,1872,16991.0,2,14242840,38
s,2197,16991.0,3,2136446,15
p0,2197,16991.0,3,17379966,33
p1,2197,16991.0,-1,NaN,NaN
p2,2197,16991.0,3,18721944,69
p3,2197,16991.0,3,17643701,60
s,2197,16991.0,3,2133210,15
p0,2197,16991.0,3,17389309,37
p1,2197,16991.0,-1,NaN,NaN
p2,2197,16991.0,3,18684416,66
p3,2197,16991.0,3,17498123,39
s,2197,16991.0,3,2145087,16
p0,2197,16991.0,3,18148064,37
p1,2197,16991.0,-1,NaN,NaN
p2,2197,16991.0,3,17286150,65
p3,2197,16991.0,3,16679158,47
s,2197,16991.0,3,2134929,16
p0,2197,16991.0,3,17179085,44
p1,2197,16991.0,-1,NaN,NaN
p2,2197,16991.0,3,18612462,59
p3,2197,16991.0,3,16679656,36
s,2197,16991.0,3,2129042,15
p0,2197,16991.0,3,17439648,39
p1,2197,16991.0,-1,NaN,NaN
p2,2197,16991.0,3,18582948,65
p3,2197,16991.0,3,17462818,41
s,2744,16991.0,0,2624138,11
p0,2744,16991.0,0,22310935,36
p1,2744,16991.0,-1,NaN,NaN
p2,2744,16991.0,0,23179809,43
p3,2744,16991.0,0,22701642,44
s,2744,16991.0,0,2624295,11
p0,2744,16991.0,0,22195696,32
p1,2744,16991.0,-1,NaN,NaN
p2,2744,16991.0,0,23211349,50
p3,2744,16991.0,0,22777231,47
s,2744,16991.0,0,2624495,11
p0,2744,16991.0,0,22009762,39
p1,2744,16991.0,-1,NaN,NaN
p2,2744,16991.0,0,23295000,40
p3,2744,16991.0,0,22678379,45
s,2744,16991.0,0,2620386,10
p0,2744,16991.0,0,22313007,37
p1,2744,16991.0,-1,NaN,NaN
p2,2744,16991.0,0,23288189,44
p3,2744,16991.0,0,22716573,31
s,2744,16991.0,0,2621168,10
p0,2744,16991.0,0,21294711,41
p1,2744,16991.0,-1,NaN,NaN
p2,2744,16991.0,0,23361383,35
p3,2744,16991.0,0,22568527,31
s,3150,16991.0,0,3053145,17
p0,3150,16991.0,0,24732541,36
p1,3150,16991.0,-1,NaN,NaN
p2,3150,16991.0,0,26165404,111
p3,3150,16991.0,0,23193249,40
s,3150,16991.0,0,3052122,17
p0,3150,16991.0,0,25036705,31
p1,3150,16991.0,-1,NaN,NaN
p2,3150,16991.0,0,26607064,112
p3,3150,16991.0,0,24054756,37
s,3150,16991.0,0,3056876,17
p0,3150,16991.0,0,24957658,37
p1,3150,16991.0,-1,NaN,NaN
p2,3150,16991.0,0,26488509,106
p3,3150,16991.0,0,24252579,37
s,3150,16991.0,0,3061866,17
p0,3150,16991.0,0,24690211,33
p1,3150,16991.0,-1,NaN,NaN
p2,3150,16991.0,0,26594963,105
p3,3150,16991.0,0,23644722,51
s,3150,16991.0,0,3050822,17
p0,3150,16991.0,0,25184594,39
p1,3150,16991.0,-1,NaN,NaN
p2,3150,16991.0,0,26361486,96
p3,3150,16991.0,0,23446094,46
s,3600,16991.0,0,3660423,8
p0,3600,16991.0,0,27729799,30
p1,3600,16991.0,-1,NaN,NaN
p2,3600,16991.0,0,26482745,34
p3,3600,16991.0,0,27924337,26
s,3600,16991.0,0,3666955,8
p0,3600,16991.0,0,27336162,33
p1,3600,16991.0,-1,NaN,NaN
p2,3600,16991.0,0,24659416,36
p3,3600,16991.0,0,27666491,34
s,3600,16991.0,0,3663517,8
p0,3600,16991.0,0,26985609,42
p1,3600,16991.0,-1,NaN,NaN
p2,3600,16991.0,0,27395015,37
p3,3600,16991.0,0,28508576,30
s,3600,16991.0,0,3659726,8
p0,3600,16991.0,0,27278671,31
p1,3600,16991.0,-1,NaN,NaN
p2,3600,16991.0,0,27358051,41
p3,3600,16991.0,0,27458656,34
s,3600,16991.0,0,3658714,8
p0,3600,16991.0,0,27174649,33
p1,3600,16991.0,-1,NaN,NaN
p2,3600,16991.0,0,26372942,35
p3,3600,16991.0,0,27312606,33
s,4096,16991.0,0,4175948,9
p0,4096,16991.0,0,31592393,44
p1,4096,16991.0,-1,NaN,NaN
p2,4096,16991.0,0,34777634,59
p3,4096,16991.0,0,34181442,42
s,4096,16991.0,0,4161928,8
p0,4096,16991.0,0,31868259,44
p1,4096,16991.0,-1,NaN,NaN
p2,4096,16991.0,0,35047988,57
p3,4096,16991.0,0,33840207,43
s,4096,16991.0,0,4178054,9
p0,4096,16991.0,0,30162444,37
p1,4096,16991.0,-1,NaN,NaN
p2,4096,16991.0,0,34686818,52
p3,4096,16991.0,0,33193612,45
s,4096,16991.0,0,4174102,9
p0,4096,16991.0,0,30278544,40
p1,4096,16991.0,-1,NaN,NaN
p2,4096,16991.0,0,35212944,56
p3,4096,16991.0,0,33601623,36
s,4096,16991.0,0,4161335,10
p0,4096,16991.0,0,31890235,48
p1,4096,16991.0,-1,NaN,NaN
p2,4096,16991.0,0,34879075,47
p3,4096,16991.0,0,33704867,37
s,4352,16991.0,3,4546058,16
p0,4352,16991.0,3,31873260,38
p1,4352,16991.0,-1,NaN,NaN
p2,4352,16991.0,3,37200529,52
p3,4352,16991.0,3,35209082,47
s,4352,16991.0,3,4552458,15
p0,4352,16991.0,3,33515671,37
p1,4352,16991.0,-1,NaN,NaN
p2,4352,16991.0,3,38040714,47
p3,4352,16991.0,3,36405680,41
s,4352,16991.0,3,4525788,15
p0,4352,16991.0,3,32672032,43
p1,4352,16991.0,-1,NaN,NaN
p2,4352,16991.0,3,36429465,44
p3,4352,16991.0,3,36119625,45
s,4352,16991.0,3,4536595,15
p0,4352,16991.0,3,32892970,51
p1,4352,16991.0,-1,NaN,NaN
p2,4352,16991.0,3,37419457,51
p3,4352,16991.0,3,36193079,34
s,4352,16991.0,3,4556201,15
p0,4352,16991.0,3,31246471,52
p1,4352,16991.0,-1,NaN,NaN
p2,4352,16991.0,3,37128240,48
p3,4352,16991.0,3,33974789,43
s,4913,16991.0,0,5090397,10
p0,4913,16991.0,0,40055315,33
p1,4913,16991.0,-1,NaN,NaN
p2,4913,16991.0,0,42095181,71
p3,4913,16991.0,0,40675952,42
s,4913,16991.0,0,5057861,10
p0,4913,16991.0,0,39714783,31
p1,4913,16991.0,-1,NaN,NaN
p2,4913,16991.0,0,41480731,76
p3,4913,16991.0,0,40687153,37
s,4913,16991.0,0,5057331,11
p0,4913,16991.0,0,40813056,34
p1,4913,16991.0,-1,NaN,NaN
p2,4913,16991.0,0,41346281,69
p3,4913,16991.0,0,40529074,39
s,4913,16991.0,0,5094312,10
p0,4913,16991.0,0,39754635,31
p1,4913,16991.0,-1,NaN,NaN
p2,4913,16991.0,0,41690192,69
p3,4913,16991.0,0,40370804,52
s,4913,16991.0,0,5080533,10
p0,4913,16991.0,0,40612658,31
p1,4913,16991.0,-1,NaN,NaN
p2,4913,16991.0,0,42581774,72
p3,4913,16991.0,0,40091909,36
s,5202,16991.0,0,5460870,13
p0,5202,16991.0,0,42718693,33
p1,5202,16991.0,-1,NaN,NaN
p2,5202,16991.0,0,44052550,81
p3,5202,16991.0,0,43016576,26
s,5202,16991.0,0,5373659,12
p0,5202,16991.0,0,42894180,38
p1,5202,16991.0,-1,NaN,NaN
p2,5202,16991.0,0,43458155,75
p3,5202,16991.0,0,42844747,43
s,5202,16991.0,0,5378165,14
p0,5202,16991.0,0,41279570,43
p1,5202,16991.0,-1,NaN,NaN
p2,5202,16991.0,0,43469668,95
p3,5202,16991.0,0,43134209,38
s,5202,16991.0,0,5379341,12
p0,5202,16991.0,0,42795089,40
p1,5202,16991.0,-1,NaN,NaN
p2,5202,16991.0,0,43837004,93
p3,5202,16991.0,0,42652577,42
s,5202,16991.0,0,5361086,13
p0,5202,16991.0,0,42327156,37
p1,5202,16991.0,-1,NaN,NaN
p2,5202,16991.0,0,43641422,92
p3,5202,16991.0,0,43073263,30
s,5508,16991.0,0,5609124,15
p0,5508,16991.0,0,44635883,38
p1,5508,16991.0,-1,NaN,NaN
p2,5508,16991.0,0,46937198,63
p3,5508,16991.0,0,46020019,23
s,5508,16991.0,0,5617208,17
p0,5508,16991.0,0,45039050,26
p1,5508,16991.0,-1,NaN,NaN
p2,5508,16991.0,0,46935206,63
p3,5508,16991.0,0,45343821,43
s,5508,16991.0,0,5648827,15
p0,5508,16991.0,0,44876377,40
p1,5508,16991.0,-1,NaN,NaN
p2,5508,16991.0,0,46436695,60
p3,5508,16991.0,0,45259490,51
s,5508,16991.0,0,5617621,16
p0,5508,16991.0,0,45285201,39
p1,5508,16991.0,-1,NaN,NaN
p2,5508,16991.0,0,46560770,50
p3,5508,16991.0,0,46157809,52
s,5508,16991.0,0,5630889,16
p0,5508,16991.0,0,44597955,47
p1,5508,16991.0,-1,NaN,NaN
p2,5508,16991.0,0,47217669,56
p3,5508,16991.0,0,42918766,45
s,6156,16991.0,1,6370654,13
p0,6156,16991.0,1,50223612,35
p1,6156,16991.0,-1,NaN,NaN
p2,6156,16991.0,1,51409988,52
p3,6156,16991.0,1,50378482,39
s,6156,16991.0,1,6372752,13
p0,6156,16991.0,1,49784296,36
p1,6156,16991.0,-1,NaN,NaN
p2,6156,16991.0,1,52410968,47
p3,6156,16991.0,1,50480832,39
s,6156,16991.0,1,6346151,13
p0,6156,16991.0,1,50690240,30
p1,6156,16991.0,-1,NaN,NaN
p2,6156,16991.0,1,51563469,55
p3,6156,16991.0,1,51184964,28
s,6156,16991.0,1,6360493,13
p0,6156,16991.0,1,50252900,34
p1,6156,16991.0,-1,NaN,NaN
p2,6156,16991.0,1,51173983,46
p3,6156,16991.0,1,51203946,31
s,6156,16991.0,1,6379162,12
p0,6156,16991.0,1,50533662,35
p1,6156,16991.0,-1,NaN,NaN
p2,6156,16991.0,1,52153041,53
p3,6156,16991.0,1,49983836,39
s,6498,16991.0,1,6793053,9
p0,6498,16991.0,1,53933241,23
p1,6498,16991.0,-1,NaN,NaN
p2,6498,16991.0,1,54732467,69
p3,6498,16991.0,1,52378600,39
s,6498,16991.0,1,6850977,8
p0,6498,16991.0,1,53142457,39
p1,6498,16991.0,-1,NaN,NaN
p2,6498,16991.0,1,54585976,64
p3,6498,16991.0,1,52794019,35
s,6498,16991.0,1,6807740,9
p0,6498,16991.0,1,52944860,37
p1,6498,16991.0,-1,NaN,NaN
p2,6498,16991.0,1,54508346,85
p3,6498,16991.0,1,53798085,44
s,6498,16991.0,1,6810570,8
p0,6498,16991.0,1,53286461,32
p1,6498,16991.0,-1,NaN,NaN
p2,6498,16991.0,1,55016047,64
p3,6498,16991.0,1,52647916,38
s,6498,16991.0,1,6826932,9
p0,6498,16991.0,1,52641655,54
p1,6498,16991.0,-1,NaN,NaN
p2,6498,16991.0,1,54528985,2927
p3,6498,16991.0,1,52463634,43
s,6859,16991.0,1,7422407,14
p0,6859,16991.0,1,53710054,38
p1,6859,16991.0,-1,NaN,NaN
p2,6859,16991.0,1,55153567,44
p3,6859,16991.0,1,56042815,34
s,6859,16991.0,1,7398623,14
p0,6859,16991.0,1,54114289,40
p1,6859,16991.0,-1,NaN,NaN
p2,6859,16991.0,1,57368742,43
p3,6859,16991.0,1,55328797,34
s,6859,16991.0,1,7416846,14
p0,6859,16991.0,1,51944328,34
p1,6859,16991.0,-1,NaN,NaN
p2,6859,16991.0,1,57501139,40
p3,6859,16991.0,1,55947748,39
s,6859,16991.0,1,7413954,14
p0,6859,16991.0,1,54493139,48
p1,6859,16991.0,-1,NaN,NaN
p2,6859,16991.0,1,58103033,39
p3,6859,16991.0,1,55806750,42
s,6859,16991.0,1,7426224,14
p0,6859,16991.0,1,52518844,33
p1,6859,16991.0,-1,NaN,NaN
p2,6859,16991.0,1,54854849,41
p3,6859,16991.0,1,53459864,50
s,7220,16991.0,0,7888794,13
p0,7220,16991.0,0,54511456,46
p1,7220,16991.0,-1,NaN,NaN
p2,7220,16991.0,0,56232582,169
p3,7220,16991.0,-1,NaN,NaN
s,7220,16991.0,0,7865619,14
p0,7220,16991.0,0,54056074,36
p1,7220,16991.0,-1,NaN,NaN
p2,7220,16991.0,0,56610745,177
p3,7220,16991.0,-1,NaN,NaN
s,7220,16991.0,0,7879721,13
p0,7220,16991.0,0,55134760,40
p1,7220,16991.0,-1,NaN,NaN
p2,7220,16991.0,0,54706531,179
p3,7220,16991.0,-1,NaN,NaN
s,7220,16991.0,0,7903982,13
p0,7220,16991.0,0,54567942,40
p1,7220,16991.0,-1,NaN,NaN
p2,7220,16991.0,0,56322139,234
p3,7220,16991.0,-1,NaN,NaN
s,7220,16991.0,0,7890144,13
p0,7220,16991.0,0,53853687,26
p1,7220,16991.0,-1,NaN,NaN
p2,7220,16991.0,0,56307221,164
p3,7220,16991.0,-1,NaN,NaN
s,7600,16991.0,0,8206657,14
p0,7600,16991.0,-1,NaN,NaN
p1,7600,16991.0,-1,NaN,NaN
p2,7600,16991.0,0,54523435,121
p3,7600,16991.0,-1,NaN,NaN
s,7600,16991.0,0,8236987,15
p0,7600,16991.0,-1,NaN,NaN
p1,7600,16991.0,-1,NaN,NaN
p2,7600,16991.0,-1,NaN,NaN
p3,7600,16991.0,0,57430031,40
s,7600,16991.0,0,8235740,14
p0,7600,16991.0,-1,NaN,NaN
p1,7600,16991.0,-1,NaN,NaN
p2,7600,16991.0,-1,NaN,NaN
p3,7600,16991.0,-1,NaN,NaN
s,7600,16991.0,0,8237717,13
p0,7600,16991.0,-1,NaN,NaN
p1,7600,16991.0,-1,NaN,NaN
p2,7600,16991.0,-1,NaN,NaN
p3,7600,16991.0,-1,NaN,NaN
s,7600,16991.0,0,8220737,14
p0,7600,16991.0,-1,NaN,NaN
p1,7600,16991.0,-1,NaN,NaN
p2,7600,16991.0,-1,NaN,NaN
p3,7600,16991.0,-1,NaN,NaN
s,8400,16991.0,0,9385388,13
p0,8400,16991.0,-1,NaN,NaN
p1,8400,16991.0,-1,NaN,NaN
p2,8400,16991.0,-1,NaN,NaN
p3,8400,16991.0,-1,NaN,NaN
s,8400,16991.0,0,9362239,13
p0,8400,16991.0,-1,NaN,NaN
p1,8400,16991.0,-1,NaN,NaN
p2,8400,16991.0,-1,NaN,NaN
p3,8400,16991.0,-1,NaN,NaN
s,8400,16991.0,0,9334829,11
p0,8400,16991.0,-1,NaN,NaN
p1,8400,16991.0,-1,NaN,NaN
p2,8400,16991.0,-1,NaN,NaN
p3,8400,16991.0,-1,NaN,NaN
s,8400,16991.0,0,9352179,12
p0,8400,16991.0,-1,NaN,NaN
p1,8400,16991.0,-1,NaN,NaN
p2,8400,16991.0,-1,NaN,NaN
p3,8400,16991.0,-1,NaN,NaN
s,8400,16991.0,0,9409555,11
p0,8400,16991.0,-1,NaN,NaN
p1,8400,16991.0,-1,NaN,NaN
p2,8400,16991.0,-1,NaN,NaN
p3,8400,16991.0,-1,NaN,NaN
s,8820,16991.0,0,9470313,12
p0,8820,16991.0,-1,NaN,NaN
p1,8820,16991.0,-1,NaN,NaN
p2,8820,16991.0,-1,NaN,NaN
p3,8820,16991.0,-1,NaN,NaN
s,8820,16991.0,0,9453597,12
p0,8820,16991.0,-1,NaN,NaN
p1,8820,16991.0,-1,NaN,NaN
p2,8820,16991.0,-1,NaN,NaN
p3,8820,16991.0,-1,NaN,NaN
s,8820,16991.0,0,9476618,12
p0,8820,16991.0,-1,NaN,NaN
p1,8820,16991.0,-1,NaN,NaN
p2,8820,16991.0,-1,NaN,NaN
p3,8820,16991.0,-1,NaN,NaN
s,8820,16991.0,0,9459460,12
p0,8820,16991.0,-1,NaN,NaN
p1,8820,16991.0,-1,NaN,NaN
p2,8820,16991.0,-1,NaN,NaN
p3,8820,16991.0,-1,NaN,NaN
s,8820,16991.0,0,9501202,12
p0,8820,16991.0,-1,NaN,NaN
p1,8820,16991.0,-1,NaN,NaN
p2,8820,16991.0,-1,NaN,NaN
p3,8820,16991.0,-1,NaN,NaN
s,9261,16991.0,0,10252583,24
p0,9261,16991.0,-1,NaN,NaN
p1,9261,16991.0,-1,NaN,NaN
p2,9261,16991.0,-1,NaN,NaN
p3,9261,16991.0,-1,NaN,NaN
s,9261,16991.0,0,10231736,17
p0,9261,16991.0,-1,NaN,NaN
p1,9261,16991.0,-1,NaN,NaN
p2,9261,16991.0,-1,NaN,NaN
p3,9261,16991.0,-1,NaN,NaN
s,9261,16991.0,0,10196290,18
p0,9261,16991.0,-1,NaN,NaN
p1,9261,16991.0,-1,NaN,NaN
p2,9261,16991.0,-1,NaN,NaN
p3,9261,16991.0,-1,NaN,NaN
s,9261,16991.0,0,10197672,18
p0,9261,16991.0,-1,NaN,NaN
p1,9261,16991.0,-1,NaN,NaN
p2,9261,16991.0,-1,NaN,NaN
p3,9261,16991.0,-1,NaN,NaN
s,9261,16991.0,0,10236004,17
p0,9261,16991.0,-1,NaN,NaN
p1,9261,16991.0,-1,NaN,NaN
p2,9261,16991.0,-1,NaN,NaN
p3,9261,16991.0,-1,NaN,NaN
s,9702,16991.0,0,10819047,18
p0,9702,16991.0,-1,NaN,NaN
p1,9702,16991.0,-1,NaN,NaN
p2,9702,16991.0,-1,NaN,NaN
p3,9702,16991.0,-1,NaN,NaN
s,9702,16991.0,0,10788198,19
p0,9702,16991.0,-1,NaN,NaN
p1,9702,16991.0,-1,NaN,NaN
p2,9702,16991.0,-1,NaN,NaN
p3,9702,16991.0,-1,NaN,NaN
s,9702,16991.0,0,10849774,19
p0,9702,16991.0,-1,NaN,NaN
p1,9702,16991.0,-1,NaN,NaN
p2,9702,16991.0,-1,NaN,NaN
p3,9702,16991.0,-1,NaN,NaN
s,9702,16991.0,0,10823326,19
p0,9702,16991.0,-1,NaN,NaN
p1,9702,16991.0,-1,NaN,NaN
p2,9702,16991.0,-1,NaN,NaN
p3,9702,16991.0,-1,NaN,NaN
s,9702,16991.0,0,10802458,19
p0,9702,16991.0,-1,NaN,NaN
p1,9702,16991.0,-1,NaN,NaN
p2,9702,16991.0,-1,NaN,NaN
p3,9702,16991.0,-1,NaN,NaN
s,10164,16991.0,2,10926963,19
p0,10164,16991.0,-1,NaN,NaN
p1,10164,16991.0,-1,NaN,NaN
p2,10164,16991.0,-1,NaN,NaN
p3,10164,16991.0,-1,NaN,NaN
s,10164,16991.0,2,10920465,18
p0,10164,16991.0,-1,NaN,NaN
p1,10164,16991.0,-1,NaN,NaN
p2,10164,16991.0,-1,NaN,NaN
p3,10164,16991.0,-1,NaN,NaN
s,10164,16991.0,2,10916233,19
p0,10164,16991.0,-1,NaN,NaN
p1,10164,16991.0,-1,NaN,NaN
p2,10164,16991.0,-1,NaN,NaN
p3,10164,16991.0,-1,NaN,NaN
s,10164,16991.0,2,10900270,20
p0,10164,16991.0,-1,NaN,NaN
p1,10164,16991.0,-1,NaN,NaN
p2,10164,16991.0,-1,NaN,NaN
p3,10164,16991.0,-1,NaN,NaN
s,10164,16991.0,2,10960997,19
p0,10164,16991.0,-1,NaN,NaN
p1,10164,16991.0,-1,NaN,NaN
p2,10164,16991.0,-1,NaN,NaN
p3,10164,16991.0,-1,NaN,NaN
s,10648,16991.0,4,11651439,16
p0,10648,16991.0,-1,NaN,NaN
p1,10648,16991.0,-1,NaN,NaN
p2,10648,16991.0,-1,NaN,NaN
p3,10648,16991.0,-1,NaN,NaN
s,10648,16991.0,4,11643267,15
p0,10648,16991.0,-1,NaN,NaN
p1,10648,16991.0,-1,NaN,NaN
p2,10648,16991.0,-1,NaN,NaN
p3,10648,16991.0,-1,NaN,NaN
s,10648,16991.0,4,11703441,16
p0,10648,16991.0,-1,NaN,NaN
p1,10648,16991.0,-1,NaN,NaN
p2,10648,16991.0,-1,NaN,NaN
p3,10648,16991.0,-1,NaN,NaN
s,10648,16991.0,4,11623755,16
p0,10648,16991.0,-1,NaN,NaN
p1,10648,16991.0,-1,NaN,NaN
p2,10648,16991.0,-1,NaN,NaN
p3,10648,16991.0,-1,NaN,NaN
s,10648,16991.0,4,11625409,17
p0,10648,16991.0,-1,NaN,NaN
p1,10648,16991.0,-1,NaN,NaN
p2,10648,16991.0,-1,NaN,NaN
p3,10648,16991.0,-1,NaN,NaN
s,11132,16991.0,0,12396268,14
p0,11132,16991.0,-1,NaN,NaN
p1,11132,16991.0,-1,NaN,NaN
p2,11132,16991.0,-1,NaN,NaN
p3,11132,16991.0,-1,NaN,NaN
s,11132,16991.0,0,12401127,15
p0,11132,16991.0,-1,NaN,NaN
p1,11132,16991.0,-1,NaN,NaN
p2,11132,16991.0,-1,NaN,NaN
p3,11132,16991.0,-1,NaN,NaN
s,11132,16991.0,0,12421706,24
p0,11132,16991.0,-1,NaN,NaN
p1,11132,16991.0,-1,NaN,NaN
p2,11132,16991.0,-1,NaN,NaN
p3,11132,16991.0,-1,NaN,NaN
s,11132,16991.0,0,12446697,14
p0,11132,16991.0,-1,NaN,NaN
p1,11132,16991.0,-1,NaN,NaN
p2,11132,16991.0,-1,NaN,NaN
p3,11132,16991.0,-1,NaN,NaN
s,11132,16991.0,0,12437307,14
p0,11132,16991.0,-1,NaN,NaN
p1,11132,16991.0,-1,NaN,NaN
p2,11132,16991.0,-1,NaN,NaN
p3,11132,16991.0,-1,NaN,NaN
s,11638,16991.0,0,12612035,11
p0,11638,16991.0,-1,NaN,NaN
p1,11638,16991.0,-1,NaN,NaN
p2,11638,16991.0,-1,NaN,NaN
p3,11638,16991.0,-1,NaN,NaN
s,11638,16991.0,0,12657503,11
p0,11638,16991.0,-1,NaN,NaN
p1,11638,16991.0,-1,NaN,NaN
p2,11638,16991.0,-1,NaN,NaN
p3,11638,16991.0,-1,NaN,NaN
s,11638,16991.0,0,12591483,9
p0,11638,16991.0,-1,NaN,NaN
p1,11638,16991.0,-1,NaN,NaN
p2,11638,16991.0,-1,NaN,NaN
p3,11638,16991.0,-1,NaN,NaN
s,11638,16991.0,0,12638742,10
p0,11638,16991.0,-1,NaN,NaN
p1,11638,16991.0,-1,NaN,NaN
p2,11638,16991.0,-1,NaN,NaN
p3,11638,16991.0,-1,NaN,NaN
s,11638,16991.0,0,12623569,10
p0,11638,16991.0,-1,NaN,NaN
p1,11638,16991.0,-1,NaN,NaN
p2,11638,16991.0,-1,NaN,NaN
p3,11638,16991.0,-1,NaN,NaN
s,12167,16991.0,0,13474577,14
p0,12167,16991.0,-1,NaN,NaN
p1,12167,16991.0,-1,NaN,NaN
p2,12167,16991.0,-1,NaN,NaN
p3,12167,16991.0,-1,NaN,NaN
s,12167,16991.0,0,13449817,14
p0,12167,16991.0,-1,NaN,NaN
p1,12167,16991.0,-1,NaN,NaN
p2,12167,16991.0,-1,NaN,NaN
p3,12167,16991.0,-1,NaN,NaN
s,12167,16991.0,0,13434353,14
p0,12167,16991.0,-1,NaN,NaN
p1,12167,16991.0,-1,NaN,NaN
p2,12167,16991.0,-1,NaN,NaN
p3,12167,16991.0,-1,NaN,NaN
s,12167,16991.0,0,13473690,14
p0,12167,16991.0,-1,NaN,NaN
p1,12167,16991.0,-1,NaN,NaN
p2,12167,16991.0,-1,NaN,NaN
p3,12167,16991.0,-1,NaN,NaN
s,12167,16991.0,0,13500864,14
p0,12167,16991.0,-1,NaN,NaN
p1,12167,16991.0,-1,NaN,NaN
p2,12167,16991.0,-1,NaN,NaN
p3,12167,16991.0,-1,NaN,NaN
s,12696,16991.0,0,14131471,11
p0,12696,16991.0,-1,NaN,NaN
p1,12696,16991.0,-1,NaN,NaN
p2,12696,16991.0,-1,NaN,NaN
p3,12696,16991.0,-1,NaN,NaN
s,12696,16991.0,0,14086601,11
p0,12696,16991.0,-1,NaN,NaN
p1,12696,16991.0,-1,NaN,NaN
p2,12696,16991.0,-1,NaN,NaN
p3,12696,16991.0,-1,NaN,NaN
s,12696,16991.0,0,14067080,12
p0,12696,16991.0,-1,NaN,NaN
p1,12696,16991.0,-1,NaN,NaN
p2,12696,16991.0,-1,NaN,NaN
p3,12696,16991.0,-1,NaN,NaN
s,12696,16991.0,0,14097312,12
p0,12696,16991.0,-1,NaN,NaN
p1,12696,16991.0,-1,NaN,NaN
p2,12696,16991.0,-1,NaN,NaN
p3,12696,16991.0,-1,NaN,NaN
s,12696,16991.0,0,14050019,11
p0,12696,16991.0,-1,NaN,NaN
p1,12696,16991.0,-1,NaN,NaN
p2,12696,16991.0,-1,NaN,NaN
p3,12696,16991.0,-1,NaN,NaN
s,13248,16991.0,4,14947081,13
p0,13248,16991.0,-1,NaN,NaN
p1,13248,16991.0,-1,NaN,NaN
p2,13248,16991.0,-1,NaN,NaN
p3,13248,16991.0,-1,NaN,NaN
s,13248,16991.0,4,14887874,14
p0,13248,16991.0,-1,NaN,NaN
p1,13248,16991.0,-1,NaN,NaN
p2,13248,16991.0,-1,NaN,NaN
p3,13248,16991.0,-1,NaN,NaN
s,13248,16991.0,4,14947307,15
p0,13248,16991.0,-1,NaN,NaN
p1,13248,16991.0,-1,NaN,NaN
p2,13248,16991.0,-1,NaN,NaN
p3,13248,16991.0,-1,NaN,NaN
s,13248,16991.0,4,14982322,15
p0,13248,16991.0,-1,NaN,NaN
p1,13248,16991.0,-1,NaN,NaN
p2,13248,16991.0,-1,NaN,NaN
p3,13248,16991.0,-1,NaN,NaN
s,13248,16991.0,4,14940576,14
p0,13248,16991.0,-1,NaN,NaN
p1,13248,16991.0,-1,NaN,NaN
p2,13248,16991.0,-1,NaN,NaN
p3,13248,16991.0,-1,NaN,NaN
s,13824,16991.0,1,15857348,17
p0,13824,16991.0,-1,NaN,NaN
p1,13824,16991.0,-1,NaN,NaN
p2,13824,16991.0,-1,NaN,NaN
p3,13824,16991.0,-1,NaN,NaN
s,13824,16991.0,1,15778803,16
p0,13824,16991.0,-1,NaN,NaN
p1,13824,16991.0,-1,NaN,NaN
p2,13824,16991.0,-1,NaN,NaN
p3,13824,16991.0,-1,NaN,NaN
s,13824,16991.0,1,15766301,16
p0,13824,16991.0,-1,NaN,NaN
p1,13824,16991.0,-1,NaN,NaN
p2,13824,16991.0,-1,NaN,NaN
p3,13824,16991.0,-1,NaN,NaN
s,13824,16991.0,1,15752784,15
p0,13824,16991.0,-1,NaN,NaN
p1,13824,16991.0,-1,NaN,NaN
p2,13824,16991.0,-1,NaN,NaN
p3,13824,16991.0,-1,NaN,NaN
s,13824,16991.0,1,15760776,15
p0,13824,16991.0,-1,NaN,NaN
p1,13824,16991.0,-1,NaN,NaN
p2,13824,16991.0,-1,NaN,NaN
p3,13824,16991.0,-1,NaN,NaN
s,14400,16991.0,0,16362379,11
p0,14400,16991.0,-1,NaN,NaN
p1,14400,16991.0,-1,NaN,NaN
p2,14400,16991.0,-1,NaN,NaN
p3,14400,16991.0,-1,NaN,NaN
s,14400,16991.0,0,16269776,10
p0,14400,16991.0,-1,NaN,NaN
p1,14400,16991.0,-1,NaN,NaN
p2,14400,16991.0,-1,NaN,NaN
p3,14400,16991.0,-1,NaN,NaN
s,14400,16991.0,0,16304239,11
p0,14400,16991.0,-1,NaN,NaN
p1,14400,16991.0,-1,NaN,NaN
p2,14400,16991.0,-1,NaN,NaN
p3,14400,16991.0,-1,NaN,NaN
s,14400,16991.0,0,16268808,10
p0,14400,16991.0,-1,NaN,NaN
p1,14400,16991.0,-1,NaN,NaN
p2,14400,16991.0,-1,NaN,NaN
p3,14400,16991.0,-1,NaN,NaN
s,14400,16991.0,0,16285596,11
p0,14400,16991.0,-1,NaN,NaN
p1,14400,16991.0,-1,NaN,NaN
p2,14400,16991.0,-1,NaN,NaN
p3,14400,16991.0,-1,NaN,NaN
s,15000,16991.0,0,17114832,17
p0,15000,16991.0,-1,NaN,NaN
p1,15000,16991.0,-1,NaN,NaN
p2,15000,16991.0,-1,NaN,NaN
p3,15000,16991.0,-1,NaN,NaN
s,15000,16991.0,0,17134971,15
p0,15000,16991.0,-1,NaN,NaN
p1,15000,16991.0,-1,NaN,NaN
p2,15000,16991.0,-1,NaN,NaN
p3,15000,16991.0,-1,NaN,NaN
s,15000,16991.0,0,17210493,16
p0,15000,16991.0,-1,NaN,NaN
p1,15000,16991.0,-1,NaN,NaN
p2,15000,16991.0,-1,NaN,NaN
p3,15000,16991.0,-1,NaN,NaN
s,15000,16991.0,0,17174404,17
p0,15000,16991.0,-1,NaN,NaN
p1,15000,16991.0,-1,NaN,NaN
p2,15000,16991.0,-1,NaN,NaN
p3,15000,16991.0,-1,NaN,NaN
s,15000,16991.0,0,17200932,15
p0,15000,16991.0,-1,NaN,NaN
p1,15000,16991.0,-1,NaN,NaN
p2,15000,16991.0,-1,NaN,NaN
p3,15000,16991.0,-1,NaN,NaN
s,15625,16991.0,1,17724156,16
p0,15625,16991.0,-1,NaN,NaN
p1,15625,16991.0,-1,NaN,NaN
p2,15625,16991.0,-1,NaN,NaN
p3,15625,16991.0,-1,NaN,NaN
s,15625,16991.0,1,17728545,18
p0,15625,16991.0,-1,NaN,NaN
p1,15625,16991.0,-1,NaN,NaN
p2,15625,16991.0,-1,NaN,NaN
p3,15625,16991.0,-1,NaN,NaN
s,15625,16991.0,1,17750176,17
p0,15625,16991.0,-1,NaN,NaN
p1,15625,16991.0,-1,NaN,NaN
p2,15625,16991.0,-1,NaN,NaN
p3,15625,16991.0,-1,NaN,NaN
s,15625,16991.0,1,17760267,16
p0,15625,16991.0,-1,NaN,NaN
p1,15625,16991.0,-1,NaN,NaN
p2,15625,16991.0,-1,NaN,NaN
p3,15625,16991.0,-1,NaN,NaN
s,15625,16991.0,1,17670956,17
p0,15625,16991.0,-1,NaN,NaN
p1,15625,16991.0,-1,NaN,NaN
p2,15625,16991.0,-1,NaN,NaN
p3,15625,16991.0,-1,NaN,NaN
s,16250,16991.0,0,18609195,18
p0,16250,16991.0,-1,NaN,NaN
p1,16250,16991.0,-1,NaN,NaN
p2,16250,16991.0,-1,NaN,NaN
p3,16250,16991.0,-1,NaN,NaN
s,16250,16991.0,0,18678767,19
p0,16250,16991.0,-1,NaN,NaN
p1,16250,16991.0,-1,NaN,NaN
p2,16250,16991.0,-1,NaN,NaN
p3,16250,16991.0,-1,NaN,NaN
s,16250,16991.0,0,18622500,18
p0,16250,16991.0,-1,NaN,NaN
p1,16250,16991.0,-1,NaN,NaN
p2,16250,16991.0,-1,NaN,NaN
p3,16250,16991.0,-1,NaN,NaN
s,16250,16991.0,0,18610895,19
p0,16250,16991.0,-1,NaN,NaN
p1,16250,16991.0,-1,NaN,NaN
p2,16250,16991.0,-1,NaN,NaN
p3,16250,16991.0,-1,NaN,NaN
s,16250,16991.0,0,18651750,19
p0,16250,16991.0,-1,NaN,NaN
p1,16250,16991.0,-1,NaN,NaN
p2,16250,16991.0,-1,NaN,NaN
p3,16250,16991.0,-1,NaN,NaN
s,16900,16991.0,0,19634802,19
p0,16900,16991.0,-1,NaN,NaN
p1,16900,16991.0,-1,NaN,NaN
p2,16900,16991.0,-1,NaN,NaN
p3,16900,16991.0,-1,NaN,NaN
s,16900,16991.0,0,19792497,21
p0,16900,16991.0,-1,NaN,NaN
p1,16900,16991.0,-1,NaN,NaN
p2,16900,16991.0,-1,NaN,NaN
p3,16900,16991.0,-1,NaN,NaN
s,16900,16991.0,0,19546696,21
p0,16900,16991.0,-1,NaN,NaN
p1,16900,16991.0,-1,NaN,NaN
p2,16900,16991.0,-1,NaN,NaN
p3,16900,16991.0,-1,NaN,NaN
s,16900,16991.0,0,19641170,22
p0,16900,16991.0,-1,NaN,NaN
p1,16900,16991.0,-1,NaN,NaN
p2,16900,16991.0,-1,NaN,NaN
p3,16900,16991.0,-1,NaN,NaN
s,16900,16991.0,0,19695620,21
p0,16900,16991.0,-1,NaN,NaN
p1,16900,16991.0,-1,NaN,NaN
p2,16900,16991.0,-1,NaN,NaN
p3,16900,16991.0,-1,NaN,NaN
s,17576,16991.0,0,19886586,16
p0,17576,16991.0,-1,NaN,NaN
p1,17576,16991.0,-1,NaN,NaN
p2,17576,16991.0,-1,NaN,NaN
p3,17576,16991.0,-1,NaN,NaN
s,17576,16991.0,0,19835489,17
p0,17576,16991.0,-1,NaN,NaN
p1,17576,16991.0,-1,NaN,NaN
p2,17576,16991.0,-1,NaN,NaN
p3,17576,16991.0,-1,NaN,NaN
s,17576,16991.0,0,19731881,17
p0,17576,16991.0,-1,NaN,NaN
p1,17576,16991.0,-1,NaN,NaN
p2,17576,16991.0,-1,NaN,NaN
p3,17576,16991.0,-1,NaN,NaN
s,17576,16991.0,0,19802626,17
p0,17576,16991.0,-1,NaN,NaN
p1,17576,16991.0,-1,NaN,NaN
p2,17576,16991.0,-1,NaN,NaN
p3,17576,16991.0,-1,NaN,NaN
s,17576,16991.0,0,19877302,17
p0,17576,16991.0,-1,NaN,NaN
p1,17576,16991.0,-1,NaN,NaN
p2,17576,16991.0,-1,NaN,NaN
p3,17576,16991.0,-1,NaN,NaN
s,18252,16991.0,0,20822006,19
p0,18252,16991.0,-1,NaN,NaN
p1,18252,16991.0,-1,NaN,NaN
p2,18252,16991.0,-1,NaN,NaN
p3,18252,16991.0,-1,NaN,NaN
s,18252,16991.0,0,21052453,19
p0,18252,16991.0,-1,NaN,NaN
p1,18252,16991.0,-1,NaN,NaN
p2,18252,16991.0,-1,NaN,NaN
p3,18252,16991.0,-1,NaN,NaN
s,18252,16991.0,0,21001448,19
p0,18252,16991.0,-1,NaN,NaN
p1,18252,16991.0,-1,NaN,NaN
p2,18252,16991.0,-1,NaN,NaN
p3,18252,16991.0,-1,NaN,NaN
s,18252,16991.0,0,20865623,20
p0,18252,16991.0,-1,NaN,NaN
p1,18252,16991.0,-1,NaN,NaN
p2,18252,16991.0,-1,NaN,NaN
p3,18252,16991.0,-1,NaN,NaN
s,18252,16991.0,0,20960053,19
p0,18252,16991.0,-1,NaN,NaN
p1,18252,16991.0,-1,NaN,NaN
p2,18252,16991.0,-1,NaN,NaN
p3,18252,16991.0,-1,NaN,NaN
s,18954,16991.0,0,22344100,10
p0,18954,16991.0,-1,NaN,NaN
p1,18954,16991.0,-1,NaN,NaN
p2,18954,16991.0,-1,NaN,NaN
p3,18954,16991.0,-1,NaN,NaN
s,18954,16991.0,0,22430825,11
p0,18954,16991.0,-1,NaN,NaN
p1,18954,16991.0,-1,NaN,NaN
p2,18954,16991.0,-1,NaN,NaN
p3,18954,16991.0,-1,NaN,NaN
s,18954,16991.0,0,22466299,11
p0,18954,16991.0,-1,NaN,NaN
p1,18954,16991.0,-1,NaN,NaN
p2,18954,16991.0,-1,NaN,NaN
p3,18954,16991.0,-1,NaN,NaN
s,18954,16991.0,0,22326509,10
p0,18954,16991.0,-1,NaN,NaN
p1,18954,16991.0,-1,NaN,NaN
p2,18954,16991.0,-1,NaN,NaN
p3,18954,16991.0,-1,NaN,NaN
s,18954,16991.0,0,22411052,11
p0,18954,16991.0,-1,NaN,NaN
p1,18954,16991.0,-1,NaN,NaN
p2,18954,16991.0,-1,NaN,NaN
p3,18954,16991.0,-1,NaN,NaN
s,19683,16991.0,0,23264423,19
p0,19683,16991.0,-1,NaN,NaN
p1,19683,16991.0,-1,NaN,NaN
p2,19683,16991.0,-1,NaN,NaN
p3,19683,16991.0,-1,NaN,NaN
s,19683,16991.0,0,23215141,18
p0,19683,16991.0,-1,NaN,NaN
p1,19683,16991.0,-1,NaN,NaN
p2,19683,16991.0,-1,NaN,NaN
p3,19683,16991.0,-1,NaN,NaN
s,19683,16991.0,0,23330708,18
p0,19683,16991.0,-1,NaN,NaN
p1,19683,16991.0,-1,NaN,NaN
p2,19683,16991.0,-1,NaN,NaN
p3,19683,16991.0,-1,NaN,NaN
s,19683,16991.0,0,23263650,19
p0,19683,16991.0,-1,NaN,NaN
p1,19683,16991.0,-1,NaN,NaN
p2,19683,16991.0,-1,NaN,NaN
p3,19683,16991.0,-1,NaN,NaN
s,19683,16991.0,0,23273388,20
p0,19683,16991.0,-1,NaN,NaN
p1,19683,16991.0,-1,NaN,NaN
p2,19683,16991.0,-1,NaN,NaN
p3,19683,16991.0,-1,NaN,NaN
s,20412,16991.0,2,23704843,20
p0,20412,16991.0,-1,NaN,NaN
p1,20412,16991.0,-1,NaN,NaN
p2,20412,16991.0,-1,NaN,NaN
p3,20412,16991.0,-1,NaN,NaN
s,20412,16991.0,2,23616709,26
p0,20412,16991.0,-1,NaN,NaN
p1,20412,16991.0,-1,NaN,NaN
p2,20412,16991.0,-1,NaN,NaN
p3,20412,16991.0,-1,NaN,NaN
s,20412,16991.0,2,23654352,20
p0,20412,16991.0,-1,NaN,NaN
p1,20412,16991.0,-1,NaN,NaN
p2,20412,16991.0,-1,NaN,NaN
p3,20412,16991.0,-1,NaN,NaN
s,20412,16991.0,2,23644696,20
p0,20412,16991.0,-1,NaN,NaN
p1,20412,16991.0,-1,NaN,NaN
p2,20412,16991.0,-1,NaN,NaN
p3,20412,16991.0,-1,NaN,NaN
s,20412,16991.0,2,23687783,21
p0,20412,16991.0,-1,NaN,NaN
p1,20412,16991.0,-1,NaN,NaN
p2,20412,16991.0,-1,NaN,NaN
p3,20412,16991.0,-1,NaN,NaN
s,21168,16991.0,0,25668970,15
p0,21168,16991.0,-1,NaN,NaN
p1,21168,16991.0,-1,NaN,NaN
p2,21168,16991.0,-1,NaN,NaN
p3,21168,16991.0,-1,NaN,NaN
s,21168,16991.0,0,25625841,15
p0,21168,16991.0,-1,NaN,NaN
p1,21168,16991.0,-1,NaN,NaN
p2,21168,16991.0,-1,NaN,NaN
p3,21168,16991.0,-1,NaN,NaN
s,21168,16991.0,0,25654816,15
p0,21168,16991.0,-1,NaN,NaN
p1,21168,16991.0,-1,NaN,NaN
p2,21168,16991.0,-1,NaN,NaN
p3,21168,16991.0,-1,NaN,NaN
s,21168,16991.0,0,25641468,15
p0,21168,16991.0,-1,NaN,NaN
p1,21168,16991.0,-1,NaN,NaN
p2,21168,16991.0,-1,NaN,NaN
p3,21168,16991.0,-1,NaN,NaN
s,21168,16991.0,0,25760303,16
p0,21168,16991.0,-1,NaN,NaN
p1,21168,16991.0,-1,NaN,NaN
p2,21168,16991.0,-1,NaN,NaN
p3,21168,16991.0,-1,NaN,NaN
s,21952,16991.0,0,25802088,14
p0,21952,16991.0,-1,NaN,NaN
p1,21952,16991.0,-1,NaN,NaN
p2,21952,16991.0,-1,NaN,NaN
p3,21952,16991.0,-1,NaN,NaN
s,21952,16991.0,0,25839920,13
p0,21952,16991.0,-1,NaN,NaN
p1,21952,16991.0,-1,NaN,NaN
p2,21952,16991.0,-1,NaN,NaN
p3,21952,16991.0,-1,NaN,NaN
s,21952,16991.0,0,25692956,14
p0,21952,16991.0,-1,NaN,NaN
p1,21952,16991.0,-1,NaN,NaN
p2,21952,16991.0,-1,NaN,NaN
p3,21952,16991.0,-1,NaN,NaN
s,21952,16991.0,0,25645578,13
p0,21952,16991.0,-1,NaN,NaN
p1,21952,16991.0,-1,NaN,NaN
p2,21952,16991.0,-1,NaN,NaN
p3,21952,16991.0,-1,NaN,NaN
s,21952,16991.0,0,25789591,14
p0,21952,16991.0,-1,NaN,NaN
p1,21952,16991.0,-1,NaN,NaN
p2,21952,16991.0,-1,NaN,NaN
p3,21952,16991.0,-1,NaN,NaN
s,22736,16991.0,0,27079433,15
p0,22736,16991.0,-1,NaN,NaN
p1,22736,16991.0,-1,NaN,NaN
p2,22736,16991.0,-1,NaN,NaN
p3,22736,16991.0,-1,NaN,NaN
s,22736,16991.0,0,27004730,14
p0,22736,16991.0,-1,NaN,NaN
p1,22736,16991.0,-1,NaN,NaN
p2,22736,16991.0,-1,NaN,NaN
p3,22736,16991.0,-1,NaN,NaN
s,22736,16991.0,0,27103794,14
p0,22736,16991.0,-1,NaN,NaN
p1,22736,16991.0,-1,NaN,NaN
p2,22736,16991.0,-1,NaN,NaN
p3,22736,16991.0,-1,NaN,NaN
s,22736,16991.0,0,27030959,14
p0,22736,16991.0,-1,NaN,NaN
p1,22736,16991.0,-1,NaN,NaN
p2,22736,16991.0,-1,NaN,NaN
p3,22736,16991.0,-1,NaN,NaN
s,22736,16991.0,0,27059226,15
p0,22736,16991.0,-1,NaN,NaN
p1,22736,16991.0,-1,NaN,NaN
p2,22736,16991.0,-1,NaN,NaN
p3,22736,16991.0,-1,NaN,NaN
s,23548,16991.0,1,28314437,16
p0,23548,16991.0,-1,NaN,NaN
p1,23548,16991.0,-1,NaN,NaN
p2,23548,16991.0,-1,NaN,NaN
p3,23548,16991.0,-1,NaN,NaN
s,23548,16991.0,1,28257916,15
p0,23548,16991.0,-1,NaN,NaN
p1,23548,16991.0,-1,NaN,NaN
p2,23548,16991.0,-1,NaN,NaN
p3,23548,16991.0,-1,NaN,NaN
s,23548,16991.0,1,28306396,14
p0,23548,16991.0,-1,NaN,NaN
p1,23548,16991.0,-1,NaN,NaN
p2,23548,16991.0,-1,NaN,NaN
p3,23548,16991.0,-1,NaN,NaN
s,23548,16991.0,1,28322608,17
p0,23548,16991.0,-1,NaN,NaN
p1,23548,16991.0,-1,NaN,NaN
p2,23548,16991.0,-1,NaN,NaN
p3,23548,16991.0,-1,NaN,NaN
s,23548,16991.0,1,28451481,16
p0,23548,16991.0,-1,NaN,NaN
p1,23548,16991.0,-1,NaN,NaN
p2,23548,16991.0,-1,NaN,NaN
p3,23548,16991.0,-1,NaN,NaN
s,24389,16991.0,2,28983270,16
p0,24389,16991.0,-1,NaN,NaN
p1,24389,16991.0,-1,NaN,NaN
p2,24389,16991.0,-1,NaN,NaN
p3,24389,16991.0,-1,NaN,NaN
s,24389,16991.0,2,28913777,16
p0,24389,16991.0,-1,NaN,NaN
p1,24389,16991.0,-1,NaN,NaN
p2,24389,16991.0,-1,NaN,NaN
p3,24389,16991.0,-1,NaN,NaN
s,24389,16991.0,2,28879923,16
p0,24389,16991.0,-1,NaN,NaN
p1,24389,16991.0,-1,NaN,NaN
p2,24389,16991.0,-1,NaN,NaN
p3,24389,16991.0,-1,NaN,NaN
s,24389,16991.0,2,28836012,16
p0,24389,16991.0,-1,NaN,NaN
p1,24389,16991.0,-1,NaN,NaN
p2,24389,16991.0,-1,NaN,NaN
p3,24389,16991.0,-1,NaN,NaN
s,24389,16991.0,2,28919895,15
p0,24389,16991.0,-1,NaN,NaN
p1,24389,16991.0,-1,NaN,NaN
p2,24389,16991.0,-1,NaN,NaN
p3,24389,16991.0,-1,NaN,NaN
s,25230,16991.0,0,30360644,11
p0,25230,16991.0,-1,NaN,NaN
p1,25230,16991.0,-1,NaN,NaN
p2,25230,16991.0,-1,NaN,NaN
p3,25230,16991.0,-1,NaN,NaN
s,25230,16991.0,0,30210507,11
p0,25230,16991.0,-1,NaN,NaN
p1,25230,16991.0,-1,NaN,NaN
p2,25230,16991.0,-1,NaN,NaN
p3,25230,16991.0,-1,NaN,NaN
s,25230,16991.0,0,30373669,12
p0,25230,16991.0,-1,NaN,NaN
p1,25230,16991.0,-1,NaN,NaN
p2,25230,16991.0,-1,NaN,NaN
p3,25230,16991.0,-1,NaN,NaN
s,25230,16991.0,0,30312810,10
p0,25230,16991.0,-1,NaN,NaN
p1,25230,16991.0,-1,NaN,NaN
p2,25230,16991.0,-1,NaN,NaN
p3,25230,16991.0,-1,NaN,NaN
s,25230,16991.0,0,30280931,10
p0,25230,16991.0,-1,NaN,NaN
p1,25230,16991.0,-1,NaN,NaN
p2,25230,16991.0,-1,NaN,NaN
p3,25230,16991.0,-1,NaN,NaN
s,26100,16991.0,0,30790040,12
p0,26100,16991.0,-1,NaN,NaN
p1,26100,16991.0,-1,NaN,NaN
p2,26100,16991.0,-1,NaN,NaN
p3,26100,16991.0,-1,NaN,NaN
s,26100,16991.0,0,30761343,12
p0,26100,16991.0,-1,NaN,NaN
p1,26100,16991.0,-1,NaN,NaN
p2,26100,16991.0,-1,NaN,NaN
p3,26100,16991.0,-1,NaN,NaN
s,26100,16991.0,0,30668807,12
p0,26100,16991.0,-1,NaN,NaN
p1,26100,16991.0,-1,NaN,NaN
p2,26100,16991.0,-1,NaN,NaN
p3,26100,16991.0,-1,NaN,NaN
s,26100,16991.0,0,30579935,12
p0,26100,16991.0,-1,NaN,NaN
p1,26100,16991.0,-1,NaN,NaN
p2,26100,16991.0,-1,NaN,NaN
p3,26100,16991.0,-1,NaN,NaN
s,26100,16991.0,0,30790438,11
p0,26100,16991.0,-1,NaN,NaN
p1,26100,16991.0,-1,NaN,NaN
p2,26100,16991.0,-1,NaN,NaN
p3,26100,16991.0,-1,NaN,NaN
s,27000,16991.0,0,33178272,14
p0,27000,16991.0,-1,NaN,NaN
p1,27000,16991.0,-1,NaN,NaN
p2,27000,16991.0,-1,NaN,NaN
p3,27000,16991.0,-1,NaN,NaN
s,27000,16991.0,0,33172882,15
p0,27000,16991.0,-1,NaN,NaN
p1,27000,16991.0,-1,NaN,NaN
p2,27000,16991.0,-1,NaN,NaN
p3,27000,16991.0,-1,NaN,NaN
s,27000,16991.0,0,33237939,14
p0,27000,16991.0,-1,NaN,NaN
p1,27000,16991.0,-1,NaN,NaN
p2,27000,16991.0,-1,NaN,NaN
p3,27000,16991.0,-1,NaN,NaN
s,27000,16991.0,0,33086463,15
p0,27000,16991.0,-1,NaN,NaN
p1,27000,16991.0,-1,NaN,NaN
p2,27000,16991.0,-1,NaN,NaN
p3,27000,16991.0,-1,NaN,NaN
s,27000,16991.0,0,33245595,15
p0,27000,16991.0,-1,NaN,NaN
p1,27000,16991.0,-1,NaN,NaN
p2,27000,16991.0,-1,NaN,NaN
p3,27000,16991.0,-1,NaN,NaN
s,27900,16991.0,0,32723529,10
p0,27900,16991.0,-1,NaN,NaN
p1,27900,16991.0,-1,NaN,NaN
p2,27900,16991.0,-1,NaN,NaN
p3,27900,16991.0,-1,NaN,NaN
s,27900,16991.0,0,32510684,12
p0,27900,16991.0,-1,NaN,NaN
p1,27900,16991.0,-1,NaN,NaN
p2,27900,16991.0,-1,NaN,NaN
p3,27900,16991.0,-1,NaN,NaN
s,27900,16991.0,0,32747715,11
p0,27900,16991.0,-1,NaN,NaN
p1,27900,16991.0,-1,NaN,NaN
p2,27900,16991.0,-1,NaN,NaN
p3,27900,16991.0,-1,NaN,NaN
s,27900,16991.0,0,32773361,11
p0,27900,16991.0,-1,NaN,NaN
p1,27900,16991.0,-1,NaN,NaN
p2,27900,16991.0,-1,NaN,NaN
p3,27900,16991.0,-1,NaN,NaN
s,27900,16991.0,0,32610351,11
p0,27900,16991.0,-1,NaN,NaN
p1,27900,16991.0,-1,NaN,NaN
p2,27900,16991.0,-1,NaN,NaN
p3,27900,16991.0,-1,NaN,NaN
s,28830,16991.0,3,34864044,20
p0,28830,16991.0,-1,NaN,NaN
p1,28830,16991.0,-1,NaN,NaN
p2,28830,16991.0,-1,NaN,NaN
p3,28830,16991.0,-1,NaN,NaN
s,28830,16991.0,3,34826175,20
p0,28830,16991.0,-1,NaN,NaN
p1,28830,16991.0,-1,NaN,NaN
p2,28830,16991.0,-1,NaN,NaN
p3,28830,16991.0,-1,NaN,NaN
s,28830,16991.0,3,34963305,19
p0,28830,16991.0,-1,NaN,NaN
p1,28830,16991.0,-1,NaN,NaN
p2,28830,16991.0,-1,NaN,NaN
p3,28830,16991.0,-1,NaN,NaN
s,28830,16991.0,3,34868148,19
p0,28830,16991.0,-1,NaN,NaN
p1,28830,16991.0,-1,NaN,NaN
p2,28830,16991.0,-1,NaN,NaN
p3,28830,16991.0,-1,NaN,NaN
s,28830,16991.0,3,34877044,19
p0,28830,16991.0,-1,NaN,NaN
p1,28830,16991.0,-1,NaN,NaN
p2,28830,16991.0,-1,NaN,NaN
p3,28830,16991.0,-1,NaN,NaN
s,29791,16991.0,0,36359019,28
p0,29791,16991.0,-1,NaN,NaN
p1,29791,16991.0,-1,NaN,NaN
p2,29791,16991.0,-1,NaN,NaN
p3,29791,16991.0,-1,NaN,NaN
s,29791,16991.0,0,36497859,27
p0,29791,16991.0,-1,NaN,NaN
p1,29791,16991.0,-1,NaN,NaN
p2,29791,16991.0,-1,NaN,NaN
p3,29791,16991.0,-1,NaN,NaN
s,29791,16991.0,0,36543470,26
p0,29791,16991.0,-1,NaN,NaN
p1,29791,16991.0,-1,NaN,NaN
p2,29791,16991.0,-1,NaN,NaN
p3,29791,16991.0,-1,NaN,NaN
s,29791,16991.0,0,36384919,27
p0,29791,16991.0,-1,NaN,NaN
p1,29791,16991.0,-1,NaN,NaN
p2,29791,16991.0,-1,NaN,NaN
p3,29791,16991.0,-1,NaN,NaN
s,29791,16991.0,0,36335937,27
p0,29791,16991.0,-1,NaN,NaN
p1,29791,16991.0,-1,NaN,NaN
p2,29791,16991.0,-1,NaN,NaN
p3,29791,16991.0,-1,NaN,NaN
s,30752,16991.0,0,38059377,17
p0,30752,16991.0,-1,NaN,NaN
p1,30752,16991.0,-1,NaN,NaN
p2,30752,16991.0,-1,NaN,NaN
p3,30752,16991.0,-1,NaN,NaN
s,30752,16991.0,0,37906402,18
p0,30752,16991.0,-1,NaN,NaN
p1,30752,16991.0,-1,NaN,NaN
p2,30752,16991.0,-1,NaN,NaN
p3,30752,16991.0,-1,NaN,NaN
s,30752,16991.0,0,37999801,17
p0,30752,16991.0,-1,NaN,NaN
p1,30752,16991.0,-1,NaN,NaN
p2,30752,16991.0,-1,NaN,NaN
p3,30752,16991.0,-1,NaN,NaN
s,30752,16991.0,0,38043356,18
p0,30752,16991.0,-1,NaN,NaN
p1,30752,16991.0,-1,NaN,NaN
p2,30752,16991.0,-1,NaN,NaN
p3,30752,16991.0,-1,NaN,NaN
s,30752,16991.0,0,38048421,18
p0,30752,16991.0,-1,NaN,NaN
p1,30752,16991.0,-1,NaN,NaN
p2,30752,16991.0,-1,NaN,NaN
p3,30752,16991.0,-1,NaN,NaN
s,31744,16991.0,0,37394117,12
p0,31744,16991.0,-1,NaN,NaN
p1,31744,16991.0,-1,NaN,NaN
p2,31744,16991.0,-1,NaN,NaN
p3,31744,16991.0,-1,NaN,NaN
s,31744,16991.0,0,37355379,13
p0,31744,16991.0,-1,NaN,NaN
p1,31744,16991.0,-1,NaN,NaN
p2,31744,16991.0,-1,NaN,NaN
p3,31744,16991.0,-1,NaN,NaN
s,31744,16991.0,0,37311781,14
p0,31744,16991.0,-1,NaN,NaN
p1,31744,16991.0,-1,NaN,NaN
p2,31744,16991.0,-1,NaN,NaN
p3,31744,16991.0,-1,NaN,NaN
s,31744,16991.0,0,37244796,12
p0,31744,16991.0,-1,NaN,NaN
p1,31744,16991.0,-1,NaN,NaN
p2,31744,16991.0,-1,NaN,NaN
p3,31744,16991.0,-1,NaN,NaN
s,31744,16991.0,0,37333875,13
p0,31744,16991.0,-1,NaN,NaN
p1,31744,16991.0,-1,NaN,NaN
p2,31744,16991.0,-1,NaN,NaN
p3,31744,16991.0,-1,NaN,NaN
s,32768,16991.0,0,39825434,21
p0,32768,16991.0,-1,NaN,NaN
p1,32768,16991.0,-1,NaN,NaN
p2,32768,16991.0,-1,NaN,NaN
p3,32768,16991.0,-1,NaN,NaN
s,32768,16991.0,0,39992643,22
p0,32768,16991.0,-1,NaN,NaN
p1,32768,16991.0,-1,NaN,NaN
p2,32768,16991.0,-1,NaN,NaN
p3,32768,16991.0,-1,NaN,NaN
s,32768,16991.0,0,39738485,21
p0,32768,16991.0,-1,NaN,NaN
p1,32768,16991.0,-1,NaN,NaN
p2,32768,16991.0,-1,NaN,NaN
p3,32768,16991.0,-1,NaN,NaN
s,32768,16991.0,0,39869369,21
p0,32768,16991.0,-1,NaN,NaN
p1,32768,16991.0,-1,NaN,NaN
p2,32768,16991.0,-1,NaN,NaN
p3,32768,16991.0,-1,NaN,NaN
s,32768,16991.0,0,39890910,21
p0,32768,16991.0,-1,NaN,NaN
p1,32768,16991.0,-1,NaN,NaN
p2,32768,16991.0,-1,NaN,NaN
p3,32768,16991.0,-1,NaN,NaN
s,33792,16991.0,2,41924504,16
p0,33792,16991.0,-1,NaN,NaN
p1,33792,16991.0,-1,NaN,NaN
p2,33792,16991.0,-1,NaN,NaN
p3,33792,16991.0,-1,NaN,NaN
s,33792,16991.0,2,41775140,15
p0,33792,16991.0,-1,NaN,NaN
p1,33792,16991.0,-1,NaN,NaN
p2,33792,16991.0,-1,NaN,NaN
p3,33792,16991.0,-1,NaN,NaN
s,33792,16991.0,2,41945044,15
p0,33792,16991.0,-1,NaN,NaN
p1,33792,16991.0,-1,NaN,NaN
p2,33792,16991.0,-1,NaN,NaN
p3,33792,16991.0,-1,NaN,NaN
s,33792,16991.0,2,42029734,15
p0,33792,16991.0,-1,NaN,NaN
p1,33792,16991.0,-1,NaN,NaN
p2,33792,16991.0,-1,NaN,NaN
p3,33792,16991.0,-1,NaN,NaN
s,33792,16991.0,2,42055783,15
p0,33792,16991.0,-1,NaN,NaN
p1,33792,16991.0,-1,NaN,NaN
p2,33792,16991.0,-1,NaN,NaN
p3,33792,16991.0,-1,NaN,NaN
s,34848,16991.0,3,42692522,21
p0,34848,16991.0,-1,NaN,NaN
p1,34848,16991.0,-1,NaN,NaN
p2,34848,16991.0,-1,NaN,NaN
p3,34848,16991.0,-1,NaN,NaN
s,34848,16991.0,3,42807360,21
p0,34848,16991.0,-1,NaN,NaN
p1,34848,16991.0,-1,NaN,NaN
p2,34848,16991.0,-1,NaN,NaN
p3,34848,16991.0,-1,NaN,NaN
s,34848,16991.0,3,42920235,22
p0,34848,16991.0,-1,NaN,NaN
p1,34848,16991.0,-1,NaN,NaN
p2,34848,16991.0,-1,NaN,NaN
p3,34848,16991.0,-1,NaN,NaN
s,34848,16991.0,3,42830581,21
p0,34848,16991.0,-1,NaN,NaN
p1,34848,16991.0,-1,NaN,NaN
p2,34848,16991.0,-1,NaN,NaN
p3,34848,16991.0,-1,NaN,NaN
s,34848,16991.0,3,42789892,21
p0,34848,16991.0,-1,NaN,NaN
p1,34848,16991.0,-1,NaN,NaN
p2,34848,16991.0,-1,NaN,NaN
p3,34848,16991.0,-1,NaN,NaN
s,35937,16991.0,0,44258243,16
p0,35937,16991.0,-1,NaN,NaN
p1,35937,16991.0,-1,NaN,NaN
p2,35937,16991.0,-1,NaN,NaN
p3,35937,16991.0,-1,NaN,NaN
s,35937,16991.0,0,43978338,16
p0,35937,16991.0,-1,NaN,NaN
p1,35937,16991.0,-1,NaN,NaN
p2,35937,16991.0,-1,NaN,NaN
p3,35937,16991.0,-1,NaN,NaN
s,35937,16991.0,0,44126550,16
p0,35937,16991.0,-1,NaN,NaN
p1,35937,16991.0,-1,NaN,NaN
p2,35937,16991.0,-1,NaN,NaN
p3,35937,16991.0,-1,NaN,NaN
s,35937,16991.0,0,44150430,17
p0,35937,16991.0,-1,NaN,NaN
p1,35937,16991.0,-1,NaN,NaN
p2,35937,16991.0,-1,NaN,NaN
p3,35937,16991.0,-1,NaN,NaN
s,35937,16991.0,0,44280003,16
p0,35937,16991.0,-1,NaN,NaN
p1,35937,16991.0,-1,NaN,NaN
p2,35937,16991.0,-1,NaN,NaN
p3,35937,16991.0,-1,NaN,NaN
s,37026,16991.0,3,45879736,29
p0,37026,16991.0,-1,NaN,NaN
p1,37026,16991.0,-1,NaN,NaN
p2,37026,16991.0,-1,NaN,NaN
p3,37026,16991.0,-1,NaN,NaN
s,37026,16991.0,3,46081715,18
p0,37026,16991.0,-1,NaN,NaN
p1,37026,16991.0,-1,NaN,NaN
p2,37026,16991.0,-1,NaN,NaN
p3,37026,16991.0,-1,NaN,NaN
s,37026,16991.0,3,46249190,19
p0,37026,16991.0,-1,NaN,NaN
p1,37026,16991.0,-1,NaN,NaN
p2,37026,16991.0,-1,NaN,NaN
p3,37026,16991.0,-1,NaN,NaN
s,37026,16991.0,3,46009772,18
p0,37026,16991.0,-1,NaN,NaN
p1,37026,16991.0,-1,NaN,NaN
p2,37026,16991.0,-1,NaN,NaN
p3,37026,16991.0,-1,NaN,NaN
s,37026,16991.0,3,45968671,18
p0,37026,16991.0,-1,NaN,NaN
p1,37026,16991.0,-1,NaN,NaN
p2,37026,16991.0,-1,NaN,NaN
p3,37026,16991.0,-1,NaN,NaN
s,38148,16991.0,0,47061546,11
p0,38148,16991.0,-1,NaN,NaN
p1,38148,16991.0,-1,NaN,NaN
p2,38148,16991.0,-1,NaN,NaN
p3,38148,16991.0,-1,NaN,NaN
s,38148,16991.0,0,46869368,12
p0,38148,16991.0,-1,NaN,NaN
p1,38148,16991.0,-1,NaN,NaN
p2,38148,16991.0,-1,NaN,NaN
p3,38148,16991.0,-1,NaN,NaN
s,38148,16991.0,0,47131306,11
p0,38148,16991.0,-1,NaN,NaN
p1,38148,16991.0,-1,NaN,NaN
p2,38148,16991.0,-1,NaN,NaN
p3,38148,16991.0,-1,NaN,NaN
s,38148,16991.0,0,46922748,11
p0,38148,16991.0,-1,NaN,NaN
p1,38148,16991.0,-1,NaN,NaN
p2,38148,16991.0,-1,NaN,NaN
p3,38148,16991.0,-1,NaN,NaN
s,38148,16991.0,0,46909100,10
p0,38148,16991.0,-1,NaN,NaN
p1,38148,16991.0,-1,NaN,NaN
p2,38148,16991.0,-1,NaN,NaN
p3,38148,16991.0,-1,NaN,NaN
s,39304,16991.0,3,48285405,19
p0,39304,16991.0,-1,NaN,NaN
p1,39304,16991.0,-1,NaN,NaN
p2,39304,16991.0,-1,NaN,NaN
p3,39304,16991.0,-1,NaN,NaN
s,39304,16991.0,3,48210085,18
p0,39304,16991.0,-1,NaN,NaN
p1,39304,16991.0,-1,NaN,NaN
p2,39304,16991.0,-1,NaN,NaN
p3,39304,16991.0,-1,NaN,NaN
s,39304,16991.0,3,48594897,19
p0,39304,16991.0,-1,NaN,NaN
p1,39304,16991.0,-1,NaN,NaN
p2,39304,16991.0,-1,NaN,NaN
p3,39304,16991.0,-1,NaN,NaN
s,39304,16991.0,3,48313219,20
p0,39304,16991.0,-1,NaN,NaN
p1,39304,16991.0,-1,NaN,NaN
p2,39304,16991.0,-1,NaN,NaN
p3,39304,16991.0,-1,NaN,NaN
s,39304,16991.0,3,48365004,18
p0,39304,16991.0,-1,NaN,NaN
p1,39304,16991.0,-1,NaN,NaN
p2,39304,16991.0,-1,NaN,NaN
p3,39304,16991.0,-1,NaN,NaN
s,40460,16991.0,0,49765285,15
p0,40460,16991.0,-1,NaN,NaN
p1,40460,16991.0,-1,NaN,NaN
p2,40460,16991.0,-1,NaN,NaN
p3,40460,16991.0,-1,NaN,NaN
s,40460,16991.0,0,49703789,16
p0,40460,16991.0,-1,NaN,NaN
p1,40460,16991.0,-1,NaN,NaN
p2,40460,16991.0,-1,NaN,NaN
p3,40460,16991.0,-1,NaN,NaN
s,40460,16991.0,0,49735225,16
p0,40460,16991.0,-1,NaN,NaN
p1,40460,16991.0,-1,NaN,NaN
p2,40460,16991.0,-1,NaN,NaN
p3,40460,16991.0,-1,NaN,NaN
s,40460,16991.0,0,49993680,15
p0,40460,16991.0,-1,NaN,NaN
p1,40460,16991.0,-1,NaN,NaN
p2,40460,16991.0,-1,NaN,NaN
p3,40460,16991.0,-1,NaN,NaN
s,40460,16991.0,0,49863147,15
p0,40460,16991.0,-1,NaN,NaN
p1,40460,16991.0,-1,NaN,NaN
p2,40460,16991.0,-1,NaN,NaN
p3,40460,16991.0,-1,NaN,NaN
s,41650,16991.0,0,52129873,15
p0,41650,16991.0,-1,NaN,NaN
p1,41650,16991.0,-1,NaN,NaN
p2,41650,16991.0,-1,NaN,NaN
p3,41650,16991.0,-1,NaN,NaN
s,41650,16991.0,0,52040785,15
p0,41650,16991.0,-1,NaN,NaN
p1,41650,16991.0,-1,NaN,NaN
p2,41650,16991.0,-1,NaN,NaN
p3,41650,16991.0,-1,NaN,NaN
s,41650,16991.0,0,52141656,15
p0,41650,16991.0,-1,NaN,NaN
p1,41650,16991.0,-1,NaN,NaN
p2,41650,16991.0,-1,NaN,NaN
p3,41650,16991.0,-1,NaN,NaN
s,41650,16991.0,0,52138628,15
p0,41650,16991.0,-1,NaN,NaN
p1,41650,16991.0,-1,NaN,NaN
p2,41650,16991.0,-1,NaN,NaN
p3,41650,16991.0,-1,NaN,NaN
s,41650,16991.0,0,52218987,15
p0,41650,16991.0,-1,NaN,NaN
p1,41650,16991.0,-1,NaN,NaN
p2,41650,16991.0,-1,NaN,NaN
p3,41650,16991.0,-1,NaN,NaN
s,42875,16991.0,-1,NaN,NaN
p0,42875,16991.0,-1,NaN,NaN
p1,42875,16991.0,-1,NaN,NaN
p2,42875,16991.0,-1,NaN,NaN
p3,42875,16991.0,-1,NaN,NaN
s,42875,16991.0,-1,NaN,NaN
p0,42875,16991.0,-1,NaN,NaN
p1,42875,16991.0,-1,NaN,NaN
p2,42875,16991.0,-1,NaN,NaN
p3,42875,16991.0,-1,NaN,NaN
s,42875,16991.0,-1,NaN,NaN
p0,42875,16991.0,-1,NaN,NaN
p1,42875,16991.0,-1,NaN,NaN
p2,42875,16991.0,-1,NaN,NaN
p3,42875,16991.0,-1,NaN,NaN
s,42875,16991.0,-1,NaN,NaN
p0,42875,16991.0,-1,NaN,NaN
p1,42875,16991.0,-1,NaN,NaN
p2,42875,16991.0,-1,NaN,NaN
p3,42875,16991.0,-1,NaN,NaN
s,42875,16991.0,-1,NaN,NaN
p0,42875,16991.0,-1,NaN,NaN
p1,42875,16991.0,-1,NaN,NaN
p2,42875,16991.0,-1,NaN,NaN
p3,42875,16991.0,-1,NaN,NaN
s,44100,16991.0,-1,NaN,NaN
p0,44100,16991.0,-1,NaN,NaN
p1,44100,16991.0,-1,NaN,NaN
p2,44100,16991.0,-1,NaN,NaN
p3,44100,16991.0,-1,NaN,NaN
s,44100,16991.0,-1,NaN,NaN
p0,44100,16991.0,-1,NaN,NaN
p1,44100,16991.0,-1,NaN,NaN
p2,44100,16991.0,-1,NaN,NaN
p3,44100,16991.0,-1,NaN,NaN
s,44100,16991.0,-1,NaN,NaN
p0,44100,16991.0,-1,NaN,NaN
p1,44100,16991.0,-1,NaN,NaN
p2,44100,16991.0,-1,NaN,NaN
p3,44100,16991.0,-1,NaN,NaN
s,44100,16991.0,-1,NaN,NaN
p0,44100,16991.0,-1,NaN,NaN
p1,44100,16991.0,-1,NaN,NaN
p2,44100,16991.0,-1,NaN,NaN
p3,44100,16991.0,-1,NaN,NaN
s,44100,16991.0,-1,NaN,NaN
p0,44100,16991.0,-1,NaN,NaN
p1,44100,16991.0,-1,NaN,NaN
p2,44100,16991.0,-1,NaN,NaN
p3,44100,16991.0,-1,NaN,NaN
s,45360,16991.0,-1,NaN,NaN
p0,45360,16991.0,-1,NaN,NaN
p1,45360,16991.0,-1,NaN,NaN
p2,45360,16991.0,-1,NaN,NaN
p3,45360,16991.0,-1,NaN,NaN
s,45360,16991.0,-1,NaN,NaN
p0,45360,16991.0,-1,NaN,NaN
p1,45360,16991.0,-1,NaN,NaN
p2,45360,16991.0,-1,NaN,NaN
p3,45360,16991.0,-1,NaN,NaN
s,45360,16991.0,-1,NaN,NaN
p0,45360,16991.0,-1,NaN,NaN
p1,45360,16991.0,-1,NaN,NaN
p2,45360,16991.0,-1,NaN,NaN
p3,45360,16991.0,-1,NaN,NaN
s,45360,16991.0,-1,NaN,NaN
p0,45360,16991.0,-1,NaN,NaN
p1,45360,16991.0,-1,NaN,NaN
p2,45360,16991.0,-1,NaN,NaN
p3,45360,16991.0,-1,NaN,NaN
s,45360,16991.0,-1,NaN,NaN
p0,45360,16991.0,-1,NaN,NaN
p1,45360,16991.0,-1,NaN,NaN
p2,45360,16991.0,-1,NaN,NaN
p3,45360,16991.0,-1,NaN,NaN
s,46656,16991.0,-1,NaN,NaN
p0,46656,16991.0,-1,NaN,NaN
p1,46656,16991.0,-1,NaN,NaN
p2,46656,16991.0,-1,NaN,NaN
p3,46656,16991.0,-1,NaN,NaN
s,46656,16991.0,-1,NaN,NaN
p0,46656,16991.0,-1,NaN,NaN
p1,46656,16991.0,-1,NaN,NaN
p2,46656,16991.0,-1,NaN,NaN
p3,46656,16991.0,-1,NaN,NaN
s,46656,16991.0,-1,NaN,NaN
p0,46656,16991.0,-1,NaN,NaN
p1,46656,16991.0,-1,NaN,NaN
p2,46656,16991.0,-1,NaN,NaN
p3,46656,16991.0,-1,NaN,NaN
s,46656,16991.0,-1,NaN,NaN
p0,46656,16991.0,-1,NaN,NaN
p1,46656,16991.0,-1,NaN,NaN
p2,46656,16991.0,-1,NaN,NaN
p3,46656,16991.0,-1,NaN,NaN
s,46656,16991.0,-1,NaN,NaN
p0,46656,16991.0,-1,NaN,NaN
p1,46656,16991.0,-1,NaN,NaN
p2,46656,16991.0,-1,NaN,NaN
p3,46656,16991.0,-1,NaN,NaN
s,47952,16991.0,-1,NaN,NaN
p0,47952,16991.0,-1,NaN,NaN
p1,47952,16991.0,-1,NaN,NaN
p2,47952,16991.0,-1,NaN,NaN
p3,47952,16991.0,-1,NaN,NaN
s,47952,16991.0,-1,NaN,NaN
p0,47952,16991.0,-1,NaN,NaN
p1,47952,16991.0,-1,NaN,NaN
p2,47952,16991.0,-1,NaN,NaN
p3,47952,16991.0,-1,NaN,NaN
s,47952,16991.0,-1,NaN,NaN
p0,47952,16991.0,-1,NaN,NaN
p1,47952,16991.0,-1,NaN,NaN
p2,47952,16991.0,-1,NaN,NaN
p3,47952,16991.0,-1,NaN,NaN
s,47952,16991.0,-1,NaN,NaN
p0,47952,16991.0,-1,NaN,NaN
p1,47952,16991.0,-1,NaN,NaN
p2,47952,16991.0,-1,NaN,NaN
p3,47952,16991.0,-1,NaN,NaN
s,47952,16991.0,-1,NaN,NaN
p0,47952,16991.0,-1,NaN,NaN
p1,47952,16991.0,-1,NaN,NaN
p2,47952,16991.0,-1,NaN,NaN
p3,47952,16991.0,-1,NaN,NaN
s,49284,16991.0,-1,NaN,NaN
p0,49284,16991.0,-1,NaN,NaN
p1,49284,16991.0,-1,NaN,NaN
p2,49284,16991.0,-1,NaN,NaN
p3,49284,16991.0,-1,NaN,NaN
s,49284,16991.0,-1,NaN,NaN
p0,49284,16991.0,-1,NaN,NaN
p1,49284,16991.0,-1,NaN,NaN
p2,49284,16991.0,-1,NaN,NaN
p3,49284,16991.0,-1,NaN,NaN
s,49284,16991.0,-1,NaN,NaN
p0,49284,16991.0,-1,NaN,NaN
p1,49284,16991.0,-1,NaN,NaN
p2,49284,16991.0,-1,NaN,NaN
p3,49284,16991.0,-1,NaN,NaN
s,49284,16991.0,-1,NaN,NaN
p0,49284,16991.0,-1,NaN,NaN
p1,49284,16991.0,-1,NaN,NaN
p2,49284,16991.0,-1,NaN,NaN
p3,49284,16991.0,-1,NaN,NaN
s,49284,16991.0,-1,NaN,NaN
p0,49284,16991.0,-1,NaN,NaN
p1,49284,16991.0,-1,NaN,NaN
p2,49284,16991.0,-1,NaN,NaN
p3,49284,16991.0,-1,NaN,NaN
s,50653,16991.0,-1,NaN,NaN
p0,50653,16991.0,-1,NaN,NaN
p1,50653,16991.0,-1,NaN,NaN
p2,50653,16991.0,-1,NaN,NaN
p3,50653,16991.0,-1,NaN,NaN
s,50653,16991.0,-1,NaN,NaN
p0,50653,16991.0,-1,NaN,NaN
p1,50653,16991.0,-1,NaN,NaN
p2,50653,16991.0,-1,NaN,NaN
p3,50653,16991.0,-1,NaN,NaN
s,50653,16991.0,-1,NaN,NaN
p0,50653,16991.0,-1,NaN,NaN
p1,50653,16991.0,-1,NaN,NaN
p2,50653,16991.0,-1,NaN,NaN
p3,50653,16991.0,-1,NaN,NaN
s,50653,16991.0,-1,NaN,NaN
p0,50653,16991.0,-1,NaN,NaN
p1,50653,16991.0,-1,NaN,NaN
p2,50653,16991.0,-1,NaN,NaN
p3,50653,16991.0,-1,NaN,NaN
s,50653,16991.0,-1,NaN,NaN
p0,50653,16991.0,-1,NaN,NaN
p1,50653,16991.0,-1,NaN,NaN
p2,50653,16991.0,-1,NaN,NaN
p3,50653,16991.0,-1,NaN,NaN
s,52022,16991.0,-1,NaN,NaN
p0,52022,16991.0,-1,NaN,NaN
p1,52022,16991.0,-1,NaN,NaN
p2,52022,16991.0,-1,NaN,NaN
p3,52022,16991.0,-1,NaN,NaN
s,52022,16991.0,-1,NaN,NaN
p0,52022,16991.0,-1,NaN,NaN
p1,52022,16991.0,-1,NaN,NaN
p2,52022,16991.0,-1,NaN,NaN
p3,52022,16991.0,-1,NaN,NaN
s,52022,16991.0,-1,NaN,NaN
p0,52022,16991.0,-1,NaN,NaN
p1,52022,16991.0,-1,NaN,NaN
p2,52022,16991.0,-1,NaN,NaN
p3,52022,16991.0,-1,NaN,NaN
s,52022,16991.0,-1,NaN,NaN
p0,52022,16991.0,-1,NaN,NaN
p1,52022,16991.0,-1,NaN,NaN
p2,52022,16991.0,-1,NaN,NaN
p3,52022,16991.0,-1,NaN,NaN
s,52022,16991.0,-1,NaN,NaN
p0,52022,16991.0,-1,NaN,NaN
p1,52022,16991.0,-1,NaN,NaN
p2,52022,16991.0,-1,NaN,NaN
p3,52022,16991.0,-1,NaN,NaN
s,53428,16991.0,-1,NaN,NaN
p0,53428,16991.0,-1,NaN,NaN
p1,53428,16991.0,-1,NaN,NaN
p2,53428,16991.0,-1,NaN,NaN
p3,53428,16991.0,-1,NaN,NaN
s,53428,16991.0,-1,NaN,NaN
p0,53428,16991.0,-1,NaN,NaN
p1,53428,16991.0,-1,NaN,NaN
p2,53428,16991.0,-1,NaN,NaN
p3,53428,16991.0,-1,NaN,NaN
s,53428,16991.0,-1,NaN,NaN
p0,53428,16991.0,-1,NaN,NaN
p1,53428,16991.0,-1,NaN,NaN
p2,53428,16991.0,-1,NaN,NaN
p3,53428,16991.0,-1,NaN,NaN
s,53428,16991.0,-1,NaN,NaN
p0,53428,16991.0,-1,NaN,NaN
p1,53428,16991.0,-1,NaN,NaN
p2,53428,16991.0,-1,NaN,NaN
p3,53428,16991.0,-1,NaN,NaN
s,53428,16991.0,-1,NaN,NaN
p0,53428,16991.0,-1,NaN,NaN
p1,53428,16991.0,-1,NaN,NaN
p2,53428,16991.0,-1,NaN,NaN
p3,53428,16991.0,-1,NaN,NaN
s,54872,16991.0,-1,NaN,NaN
p0,54872,16991.0,-1,NaN,NaN
p1,54872,16991.0,-1,NaN,NaN
p2,54872,16991.0,-1,NaN,NaN
p3,54872,16991.0,-1,NaN,NaN
s,54872,16991.0,-1,NaN,NaN
p0,54872,16991.0,-1,NaN,NaN
p1,54872,16991.0,-1,NaN,NaN
p2,54872,16991.0,-1,NaN,NaN
p3,54872,16991.0,-1,NaN,NaN
s,54872,16991.0,-1,NaN,NaN
p0,54872,16991.0,-1,NaN,NaN
p1,54872,16991.0,-1,NaN,NaN
p2,54872,16991.0,-1,NaN,NaN
p3,54872,16991.0,-1,NaN,NaN
s,54872,16991.0,-1,NaN,NaN
p0,54872,16991.0,-1,NaN,NaN
p1,54872,16991.0,-1,NaN,NaN
p2,54872,16991.0,-1,NaN,NaN
p3,54872,16991.0,-1,NaN,NaN
s,54872,16991.0,-1,NaN,NaN
p0,54872,16991.0,-1,NaN,NaN
p1,54872,16991.0,-1,NaN,NaN
p2,54872,16991.0,-1,NaN,NaN
p3,54872,16991.0,-1,NaN,NaN
s,56316,16991.0,-1,NaN,NaN
p0,56316,16991.0,-1,NaN,NaN
p1,56316,16991.0,-1,NaN,NaN
p2,56316,16991.0,-1,NaN,NaN
p3,56316,16991.0,-1,NaN,NaN
s,56316,16991.0,-1,NaN,NaN
p0,56316,16991.0,-1,NaN,NaN
p1,56316,16991.0,-1,NaN,NaN
p2,56316,16991.0,-1,NaN,NaN
p3,56316,16991.0,-1,NaN,NaN
s,56316,16991.0,-1,NaN,NaN
p0,56316,16991.0,-1,NaN,NaN
p1,56316,16991.0,-1,NaN,NaN
p2,56316,16991.0,-1,NaN,NaN
p3,56316,16991.0,-1,NaN,NaN
s,56316,16991.0,-1,NaN,NaN
p0,56316,16991.0,-1,NaN,NaN
p1,56316,16991.0,-1,NaN,NaN
p2,56316,16991.0,-1,NaN,NaN
p3,56316,16991.0,-1,NaN,NaN
s,56316,16991.0,-1,NaN,NaN
p0,56316,16991.0,-1,NaN,NaN
p1,56316,16991.0,-1,NaN,NaN
p2,56316,16991.0,-1,NaN,NaN
p3,56316,16991.0,-1,NaN,NaN
s,57798,16991.0,-1,NaN,NaN
p0,57798,16991.0,-1,NaN,NaN
p1,57798,16991.0,-1,NaN,NaN
p2,57798,16991.0,-1,NaN,NaN
p3,57798,16991.0,-1,NaN,NaN
s,57798,16991.0,-1,NaN,NaN
p0,57798,16991.0,-1,NaN,NaN
p1,57798,16991.0,-1,NaN,NaN
p2,57798,16991.0,-1,NaN,NaN
p3,57798,16991.0,-1,NaN,NaN
s,57798,16991.0,-1,NaN,NaN
p0,57798,16991.0,-1,NaN,NaN
p1,57798,16991.0,-1,NaN,NaN
p2,57798,16991.0,-1,NaN,NaN
p3,57798,16991.0,-1,NaN,NaN
s,57798,16991.0,-1,NaN,NaN
p0,57798,16991.0,-1,NaN,NaN
p1,57798,16991.0,-1,NaN,NaN
p2,57798,16991.0,-1,NaN,NaN
p3,57798,16991.0,-1,NaN,NaN
s,57798,16991.0,-1,NaN,NaN
p0,57798,16991.0,-1,NaN,NaN
p1,57798,16991.0,-1,NaN,NaN
p2,57798,16991.0,-1,NaN,NaN
p3,57798,16991.0,-1,NaN,NaN
s,59319,16991.0,-1,NaN,NaN
p0,59319,16991.0,-1,NaN,NaN
p1,59319,16991.0,-1,NaN,NaN
p2,59319,16991.0,-1,NaN,NaN
p3,59319,16991.0,-1,NaN,NaN
s,59319,16991.0,-1,NaN,NaN
p0,59319,16991.0,-1,NaN,NaN
p1,59319,16991.0,-1,NaN,NaN
p2,59319,16991.0,-1,NaN,NaN
p3,59319,16991.0,-1,NaN,NaN
s,59319,16991.0,-1,NaN,NaN
p0,59319,16991.0,-1,NaN,NaN
p1,59319,16991.0,-1,NaN,NaN
p2,59319,16991.0,-1,NaN,NaN
p3,59319,16991.0,-1,NaN,NaN
s,59319,16991.0,-1,NaN,NaN
p0,59319,16991.0,-1,NaN,NaN
p1,59319,16991.0,-1,NaN,NaN
p2,59319,16991.0,-1,NaN,NaN
p3,59319,16991.0,-1,NaN,NaN
s,59319,16991.0,-1,NaN,NaN
p0,59319,16991.0,-1,NaN,NaN
p1,59319,16991.0,-1,NaN,NaN
p2,59319,16991.0,-1,NaN,NaN
p3,59319,16991.0,-1,NaN,NaN
s,60840,16991.0,-1,NaN,NaN
p0,60840,16991.0,-1,NaN,NaN
p1,60840,16991.0,-1,NaN,NaN
p2,60840,16991.0,-1,NaN,NaN
p3,60840,16991.0,-1,NaN,NaN
s,60840,16991.0,-1,NaN,NaN
p0,60840,16991.0,-1,NaN,NaN
p1,60840,16991.0,-1,NaN,NaN
p2,60840,16991.0,-1,NaN,NaN
p3,60840,16991.0,-1,NaN,NaN
s,60840,16991.0,-1,NaN,NaN
p0,60840,16991.0,-1,NaN,NaN
p1,60840,16991.0,-1,NaN,NaN
p2,60840,16991.0,-1,NaN,NaN
p3,60840,16991.0,-1,NaN,NaN
s,60840,16991.0,-1,NaN,NaN
p0,60840,16991.0,-1,NaN,NaN
p1,60840,16991.0,-1,NaN,NaN
p2,60840,16991.0,-1,NaN,NaN
p3,60840,16991.0,-1,NaN,NaN
s,60840,16991.0,-1,NaN,NaN
p0,60840,16991.0,-1,NaN,NaN
p1,60840,16991.0,-1,NaN,NaN
p2,60840,16991.0,-1,NaN,NaN
p3,60840,16991.0,-1,NaN,NaN
s,62400,16991.0,-1,NaN,NaN
p0,62400,16991.0,-1,NaN,NaN
p1,62400,16991.0,-1,NaN,NaN
p2,62400,16991.0,-1,NaN,NaN
p3,62400,16991.0,-1,NaN,NaN
s,62400,16991.0,-1,NaN,NaN
p0,62400,16991.0,-1,NaN,NaN
p1,62400,16991.0,-1,NaN,NaN
p2,62400,16991.0,-1,NaN,NaN
p3,62400,16991.0,-1,NaN,NaN
s,62400,16991.0,-1,NaN,NaN
p0,62400,16991.0,-1,NaN,NaN
p1,62400,16991.0,-1,NaN,NaN
p2,62400,16991.0,-1,NaN,NaN
p3,62400,16991.0,-1,NaN,NaN
s,62400,16991.0,-1,NaN,NaN
p0,62400,16991.0,-1,NaN,NaN
p1,62400,16991.0,-1,NaN,NaN
p2,62400,16991.0,-1,NaN,NaN
p3,62400,16991.0,-1,NaN,NaN
s,62400,16991.0,-1,NaN,NaN
p0,62400,16991.0,-1,NaN,NaN
p1,62400,16991.0,-1,NaN,NaN
p2,62400,16991.0,-1,NaN,NaN
p3,62400,16991.0,-1,NaN,NaN
s,64000,16991.0,-1,NaN,NaN
p0,64000,16991.0,-1,NaN,NaN
p1,64000,16991.0,-1,NaN,NaN
p2,64000,16991.0,-1,NaN,NaN
p3,64000,16991.0,-1,NaN,NaN
s,64000,16991.0,-1,NaN,NaN
p0,64000,16991.0,-1,NaN,NaN
p1,64000,16991.0,-1,NaN,NaN
p2,64000,16991.0,-1,NaN,NaN
p3,64000,16991.0,-1,NaN,NaN
s,64000,16991.0,-1,NaN,NaN
p0,64000,16991.0,-1,NaN,NaN
p1,64000,16991.0,-1,NaN,NaN
p2,64000,16991.0,-1,NaN,NaN
p3,64000,16991.0,-1,NaN,NaN
s,64000,16991.0,-1,NaN,NaN
p0,64000,16991.0,-1,NaN,NaN
p1,64000,16991.0,-1,NaN,NaN
p2,64000,16991.0,-1,NaN,NaN
p3,64000,16991.0,-1,NaN,NaN
s,64000,16991.0,-1,NaN,NaN
p0,64000,16991.0,-1,NaN,NaN
p1,64000,16991.0,-1,NaN,NaN
p2,64000,16991.0,-1,NaN,NaN
p3,64000,16991.0,-1,NaN,NaN
s,65600,16991.0,-1,NaN,NaN
p0,65600,16991.0,-1,NaN,NaN
p1,65600,16991.0,-1,NaN,NaN
p2,65600,16991.0,-1,NaN,NaN
p3,65600,16991.0,-1,NaN,NaN
s,65600,16991.0,-1,NaN,NaN
p0,65600,16991.0,-1,NaN,NaN
p1,65600,16991.0,-1,NaN,NaN
p2,65600,16991.0,-1,NaN,NaN
p3,65600,16991.0,-1,NaN,NaN
s,65600,16991.0,-1,NaN,NaN
p0,65600,16991.0,-1,NaN,NaN
p1,65600,16991.0,-1,NaN,NaN
p2,65600,16991.0,-1,NaN,NaN
p3,65600,16991.0,-1,NaN,NaN
s,65600,16991.0,-1,NaN,NaN
p0,65600,16991.0,-1,NaN,NaN
p1,65600,16991.0,-1,NaN,NaN
p2,65600,16991.0,-1,NaN,NaN
p3,65600,16991.0,-1,NaN,NaN
s,65600,16991.0,-1,NaN,NaN
p0,65600,16991.0,-1,NaN,NaN
p1,65600,16991.0,-1,NaN,NaN
p2,65600,16991.0,-1,NaN,NaN
p3,65600,16991.0,-1,NaN,NaN
s,67240,16991.0,-1,NaN,NaN
p0,67240,16991.0,-1,NaN,NaN
p1,67240,16991.0,-1,NaN,NaN
p2,67240,16991.0,-1,NaN,NaN
p3,67240,16991.0,-1,NaN,NaN
s,67240,16991.0,-1,NaN,NaN
p0,67240,16991.0,-1,NaN,NaN
p1,67240,16991.0,-1,NaN,NaN
p2,67240,16991.0,-1,NaN,NaN
p3,67240,16991.0,-1,NaN,NaN
s,67240,16991.0,-1,NaN,NaN
p0,67240,16991.0,-1,NaN,NaN
p1,67240,16991.0,-1,NaN,NaN
p2,67240,16991.0,-1,NaN,NaN
p3,67240,16991.0,-1,NaN,NaN
s,67240,16991.0,-1,NaN,NaN
p0,67240,16991.0,-1,NaN,NaN
p1,67240,16991.0,-1,NaN,NaN
p2,67240,16991.0,-1,NaN,NaN
p3,67240,16991.0,-1,NaN,NaN
s,67240,16991.0,-1,NaN,NaN
p0,67240,16991.0,-1,NaN,NaN
p1,67240,16991.0,-1,NaN,NaN
p2,67240,16991.0,-1,NaN,NaN
p3,67240,16991.0,-1,NaN,NaN
s,68921,16991.0,-1,NaN,NaN
p0,68921,16991.0,-1,NaN,NaN
p1,68921,16991.0,-1,NaN,NaN
p2,68921,16991.0,-1,NaN,NaN
p3,68921,16991.0,-1,NaN,NaN
s,68921,16991.0,-1,NaN,NaN
p0,68921,16991.0,-1,NaN,NaN
p1,68921,16991.0,-1,NaN,NaN
p2,68921,16991.0,-1,NaN,NaN
p3,68921,16991.0,-1,NaN,NaN
s,68921,16991.0,-1,NaN,NaN
p0,68921,16991.0,-1,NaN,NaN
p1,68921,16991.0,-1,NaN,NaN
p2,68921,16991.0,-1,NaN,NaN
p3,68921,16991.0,-1,NaN,NaN
s,68921,16991.0,-1,NaN,NaN
p0,68921,16991.0,-1,NaN,NaN
p1,68921,16991.0,-1,NaN,NaN
p2,68921,16991.0,-1,NaN,NaN
p3,68921,16991.0,-1,NaN,NaN
s,68921,16991.0,-1,NaN,NaN
p0,68921,16991.0,-1,NaN,NaN
p1,68921,16991.0,-1,NaN,NaN
p2,68921,16991.0,-1,NaN,NaN
p3,68921,16991.0,-1,NaN,NaN
s,70602,16991.0,-1,NaN,NaN
p0,70602,16991.0,-1,NaN,NaN
p1,70602,16991.0,-1,NaN,NaN
p2,70602,16991.0,-1,NaN,NaN
p3,70602,16991.0,-1,NaN,NaN
s,70602,16991.0,-1,NaN,NaN
p0,70602,16991.0,-1,NaN,NaN
p1,70602,16991.0,-1,NaN,NaN
p2,70602,16991.0,-1,NaN,NaN
p3,70602,16991.0,-1,NaN,NaN
s,70602,16991.0,-1,NaN,NaN
p0,70602,16991.0,-1,NaN,NaN
p1,70602,16991.0,-1,NaN,NaN
p2,70602,16991.0,-1,NaN,NaN
p3,70602,16991.0,-1,NaN,NaN
s,70602,16991.0,-1,NaN,NaN
p0,70602,16991.0,-1,NaN,NaN
p1,70602,16991.0,-1,NaN,NaN
p2,70602,16991.0,-1,NaN,NaN
p3,70602,16991.0,-1,NaN,NaN
s,70602,16991.0,-1,NaN,NaN
p0,70602,16991.0,-1,NaN,NaN
p1,70602,16991.0,-1,NaN,NaN
p2,70602,16991.0,-1,NaN,NaN
p3,70602,16991.0,-1,NaN,NaN
s,72324,16991.0,-1,NaN,NaN
p0,72324,16991.0,-1,NaN,NaN
p1,72324,16991.0,-1,NaN,NaN
p2,72324,16991.0,-1,NaN,NaN
p3,72324,16991.0,-1,NaN,NaN
s,72324,16991.0,-1,NaN,NaN
p0,72324,16991.0,-1,NaN,NaN
p1,72324,16991.0,-1,NaN,NaN
p2,72324,16991.0,-1,NaN,NaN
p3,72324,16991.0,-1,NaN,NaN
s,72324,16991.0,-1,NaN,NaN
p0,72324,16991.0,-1,NaN,NaN
p1,72324,16991.0,-1,NaN,NaN
p2,72324,16991.0,-1,NaN,NaN
p3,72324,16991.0,-1,NaN,NaN
s,72324,16991.0,-1,NaN,NaN
p0,72324,16991.0,-1,NaN,NaN
p1,72324,16991.0,-1,NaN,NaN
p2,72324,16991.0,-1,NaN,NaN
p3,72324,16991.0,-1,NaN,NaN
s,72324,16991.0,-1,NaN,NaN
p0,72324,16991.0,-1,NaN,NaN
p1,72324,16991.0,-1,NaN,NaN
p2,72324,16991.0,-1,NaN,NaN
p3,72324,16991.0,-1,NaN,NaN
s,74088,16991.0,-1,NaN,NaN
p0,74088,16991.0,-1,NaN,NaN
p1,74088,16991.0,-1,NaN,NaN
p2,74088,16991.0,-1,NaN,NaN
p3,74088,16991.0,-1,NaN,NaN
s,74088,16991.0,-1,NaN,NaN
p0,74088,16991.0,-1,NaN,NaN
p1,74088,16991.0,-1,NaN,NaN
p2,74088,16991.0,-1,NaN,NaN
p3,74088,16991.0,-1,NaN,NaN
s,74088,16991.0,-1,NaN,NaN
p0,74088,16991.0,-1,NaN,NaN
p1,74088,16991.0,-1,NaN,NaN
p2,74088,16991.0,-1,NaN,NaN
p3,74088,16991.0,-1,NaN,NaN
s,74088,16991.0,-1,NaN,NaN
p0,74088,16991.0,-1,NaN,NaN
p1,74088,16991.0,-1,NaN,NaN
p2,74088,16991.0,-1,NaN,NaN
p3,74088,16991.0,-1,NaN,NaN
s,74088,16991.0,-1,NaN,NaN
p0,74088,16991.0,-1,NaN,NaN
p1,74088,16991.0,-1,NaN,NaN
p2,74088,16991.0,-1,NaN,NaN
p3,74088,16991.0,-1,NaN,NaN
s,75852,16991.0,-1,NaN,NaN
p0,75852,16991.0,-1,NaN,NaN
p1,75852,16991.0,-1,NaN,NaN
p2,75852,16991.0,-1,NaN,NaN
p3,75852,16991.0,-1,NaN,NaN
s,75852,16991.0,-1,NaN,NaN
p0,75852,16991.0,-1,NaN,NaN
p1,75852,16991.0,-1,NaN,NaN
p2,75852,16991.0,-1,NaN,NaN
p3,75852,16991.0,-1,NaN,NaN
s,75852,16991.0,-1,NaN,NaN
p0,75852,16991.0,-1,NaN,NaN
p1,75852,16991.0,-1,NaN,NaN
p2,75852,16991.0,-1,NaN,NaN
p3,75852,16991.0,-1,NaN,NaN
s,75852,16991.0,-1,NaN,NaN
p0,75852,16991.0,-1,NaN,NaN
p1,75852,16991.0,-1,NaN,NaN
p2,75852,16991.0,-1,NaN,NaN
p3,75852,16991.0,-1,NaN,NaN
s,75852,16991.0,-1,NaN,NaN
p0,75852,16991.0,-1,NaN,NaN
p1,75852,16991.0,-1,NaN,NaN
p2,75852,16991.0,-1,NaN,NaN
p3,75852,16991.0,-1,NaN,NaN
s,77658,16991.0,-1,NaN,NaN
p0,77658,16991.0,-1,NaN,NaN
p1,77658,16991.0,-1,NaN,NaN
p2,77658,16991.0,-1,NaN,NaN
p3,77658,16991.0,-1,NaN,NaN
s,77658,16991.0,-1,NaN,NaN
p0,77658,16991.0,-1,NaN,NaN
p1,77658,16991.0,-1,NaN,NaN
p2,77658,16991.0,-1,NaN,NaN
p3,77658,16991.0,-1,NaN,NaN
s,77658,16991.0,-1,NaN,NaN
p0,77658,16991.0,-1,NaN,NaN
p1,77658,16991.0,-1,NaN,NaN
p2,77658,16991.0,-1,NaN,NaN
p3,77658,16991.0,-1,NaN,NaN
s,77658,16991.0,-1,NaN,NaN
p0,77658,16991.0,-1,NaN,NaN
p1,77658,16991.0,-1,NaN,NaN
p2,77658,16991.0,-1,NaN,NaN
p3,77658,16991.0,-1,NaN,NaN
s,77658,16991.0,-1,NaN,NaN
p0,77658,16991.0,-1,NaN,NaN
p1,77658,16991.0,-1,NaN,NaN
p2,77658,16991.0,-1,NaN,NaN
p3,77658,16991.0,-1,NaN,NaN
s,79507,16991.0,-1,NaN,NaN
p0,79507,16991.0,-1,NaN,NaN
p1,79507,16991.0,-1,NaN,NaN
p2,79507,16991.0,-1,NaN,NaN
p3,79507,16991.0,-1,NaN,NaN
s,79507,16991.0,-1,NaN,NaN
p0,79507,16991.0,-1,NaN,NaN
p1,79507,16991.0,-1,NaN,NaN
p2,79507,16991.0,-1,NaN,NaN
p3,79507,16991.0,-1,NaN,NaN
s,79507,16991.0,-1,NaN,NaN
p0,79507,16991.0,-1,NaN,NaN
p1,79507,16991.0,-1,NaN,NaN
p2,79507,16991.0,-1,NaN,NaN
p3,79507,16991.0,-1,NaN,NaN
s,79507,16991.0,-1,NaN,NaN
p0,79507,16991.0,-1,NaN,NaN
p1,79507,16991.0,-1,NaN,NaN
p2,79507,16991.0,-1,NaN,NaN
p3,79507,16991.0,-1,NaN,NaN
s,79507,16991.0,-1,NaN,NaN
p0,79507,16991.0,-1,NaN,NaN
p1,79507,16991.0,-1,NaN,NaN
p2,79507,16991.0,-1,NaN,NaN
p3,79507,16991.0,-1,NaN,NaN
s,81356,16991.0,-1,NaN,NaN
p0,81356,16991.0,-1,NaN,NaN
p1,81356,16991.0,-1,NaN,NaN
p2,81356,16991.0,-1,NaN,NaN
p3,81356,16991.0,-1,NaN,NaN
s,81356,16991.0,-1,NaN,NaN
p0,81356,16991.0,-1,NaN,NaN
p1,81356,16991.0,-1,NaN,NaN
p2,81356,16991.0,-1,NaN,NaN
p3,81356,16991.0,-1,NaN,NaN
s,81356,16991.0,-1,NaN,NaN
p0,81356,16991.0,-1,NaN,NaN
p1,81356,16991.0,-1,NaN,NaN
p2,81356,16991.0,-1,NaN,NaN
p3,81356,16991.0,-1,NaN,NaN
s,81356,16991.0,-1,NaN,NaN
p0,81356,16991.0,-1,NaN,NaN
p1,81356,16991.0,-1,NaN,NaN
p2,81356,16991.0,-1,NaN,NaN
p3,81356,16991.0,-1,NaN,NaN
s,81356,16991.0,-1,NaN,NaN
p0,81356,16991.0,-1,NaN,NaN
p1,81356,16991.0,-1,NaN,NaN
p2,81356,16991.0,-1,NaN,NaN
p3,81356,16991.0,-1,NaN,NaN
s,83248,16991.0,-1,NaN,NaN
p0,83248,16991.0,-1,NaN,NaN
p1,83248,16991.0,-1,NaN,NaN
p2,83248,16991.0,-1,NaN,NaN
p3,83248,16991.0,-1,NaN,NaN
s,83248,16991.0,-1,NaN,NaN
p0,83248,16991.0,-1,NaN,NaN
p1,83248,16991.0,-1,NaN,NaN
p2,83248,16991.0,-1,NaN,NaN
p3,83248,16991.0,-1,NaN,NaN
s,83248,16991.0,-1,NaN,NaN
p0,83248,16991.0,-1,NaN,NaN
p1,83248,16991.0,-1,NaN,NaN
p2,83248,16991.0,-1,NaN,NaN
p3,83248,16991.0,-1,NaN,NaN
s,83248,16991.0,-1,NaN,NaN
p0,83248,16991.0,-1,NaN,NaN
p1,83248,16991.0,-1,NaN,NaN
p2,83248,16991.0,-1,NaN,NaN
p3,83248,16991.0,-1,NaN,NaN
s,83248,16991.0,-1,NaN,NaN
p0,83248,16991.0,-1,NaN,NaN
p1,83248,16991.0,-1,NaN,NaN
p2,83248,16991.0,-1,NaN,NaN
p3,83248,16991.0,-1,NaN,NaN
s,85184,16991.0,-1,NaN,NaN
p0,85184,16991.0,-1,NaN,NaN
p1,85184,16991.0,-1,NaN,NaN
p2,85184,16991.0,-1,NaN,NaN
p3,85184,16991.0,-1,NaN,NaN
s,85184,16991.0,-1,NaN,NaN
p0,85184,16991.0,-1,NaN,NaN
p1,85184,16991.0,-1,NaN,NaN
p2,85184,16991.0,-1,NaN,NaN
p3,85184,16991.0,-1,NaN,NaN
s,85184,16991.0,-1,NaN,NaN
p0,85184,16991.0,-1,NaN,NaN
p1,85184,16991.0,-1,NaN,NaN
p2,85184,16991.0,-1,NaN,NaN
p3,85184,16991.0,-1,NaN,NaN
s,85184,16991.0,-1,NaN,NaN
p0,85184,16991.0,-1,NaN,NaN
p1,85184,16991.0,-1,NaN,NaN
p2,85184,16991.0,-1,NaN,NaN
p3,85184,16991.0,-1,NaN,NaN
s,85184,16991.0,-1,NaN,NaN
p0,85184,16991.0,-1,NaN,NaN
p1,85184,16991.0,-1,NaN,NaN
p2,85184,16991.0,-1,NaN,NaN
p3,85184,16991.0,-1,NaN,NaN
